"Term","Overlap","P.value","Adjusted.P.value","Old.P.value","Old.Adjusted.P.value","Odds.Ratio","Combined.Score","Genes"
"Focal adhesion","91/201",3.11417090663615e-16,9.87192177403658e-14,0,0,3.37574824457042,120.532436418402,"ITGB1;TNC;PTEN;PIK3CD;LAMC2;LAMC1;ELK1;ACTB;ACTG1;IGF1R;PPP1CB;CCND3;CCND2;AKT3;RAC3;ITGB8;RAC1;HRAS;PDGFRB;PDGFRA;MAP2K1;PPP1R12A;ITGA4;ITGA3;ACTN1;HGF;ITGA2;ITGA1;ACTN4;COL4A2;PIK3CA;COL4A1;COL4A4;COL4A3;ITGA8;COL4A5;COL6A3;ITGA7;COL6A6;ITGA6;TLN2;TLN1;RAF1;PPP1R12B;MYL9;CRK;MET;PPP1R12C;SOS2;VCL;TNXB;SHC3;LAMA2;ROCK1;ROCK2;PXN;LAMA3;PIK3R3;PIK3R1;THBS2;THBS1;MYL12A;EGFR;MYL12B;RAP1B;PDGFC;PIP5K1A;FLNA;FLNB;PAK3;MAPK3;VASP;JUN;LAMB3;CAV2;CAV1;VEGFC;PARVA;LAMB1;IGF1;PPP1CA;VEGFA;COL1A1;MAPK10;DIAPH1;COL1A2;ITGA10;ITGA11;ZYX;BCL2;COL9A2"
"Pathways in cancer","179/531",3.2277707279863e-14,5.11601660385829e-12,0,0,2.09069727201127,64.946255458695,"RB1;FGF1;ELK1;IGF1R;EDNRA;RASSF1;CCND3;EDNRB;RPS6KA5;CCND2;MYC;AKT3;PIM1;IL12A;SKP2;PRKACB;IL6R;PDGFRB;PDGFRA;MAP2K1;RALBP1;TPM3;DAPK2;HGF;DAPK3;WNT5A;RUNX1;MSH2;SMO;COL4A2;COL4A1;COL4A4;COL4A3;COL4A5;RAF1;TP53;NOTCH3;NOTCH1;CTBP1;EPAS1;CUL1;LPAR1;PIK3R3;PIK3R1;PLD1;RASGRP2;HIF1A;FOXO1;BCL2L11;PLCG2;DVL2;HMOX1;RALGDS;WNT2;FGF22;JAG2;STAT5A;GSTM3;STAT5B;GSTM2;JUN;TGFB2;JAG1;SMAD3;FZD5;GADD45B;FZD4;FZD7;ZBTB16;FZD6;FZD8;IGF1;GNG11;ESR1;GADD45G;NFKBIA;CDK6;CXCL12;CDK4;GNAQ;GNB2;BCL2;MDM2;GNB4;CALM1;FGFR4;FGFR2;GSTM5;FGF10;ITGB1;CDKN1A;HSP90AB1;PTEN;PIK3CD;LAMC2;LAMC1;GLI3;BBC3;GLI2;IKBKB;SUFU;CASP3;BDKRB2;RAC3;BDKRB1;RAC1;JAK2;HRAS;HSP90AA1;ARHGEF12;CHUK;GSTO1;IFNGR1;ITGA3;ITGA2;PLEKHG5;NCOA3;MMP2;AXIN2;DDB2;TGFBR2;CCNA2;PLCB4;PIK3CA;TRAF4;TRAF3;PPARG;ITGA6;ARHGEF1;PLCB1;CRK;MET;SOS2;FH;HDAC2;CAMK2D;RALA;RALB;ROCK1;LAMA2;ROCK2;CAMK2A;LAMA3;ADCY4;ADCY3;ADCY1;ADCY8;PTGS2;CBL;DLL1;EGFR;GNAI1;RELA;LRP6;DLL4;NRAS;GNG2;GNG5;GNA12;RUNX1T1;MAPK3;ARNT2;NQO1;CDKN2B;TCF7L1;LAMB3;CDKN2A;STAT1;TXNRD1;STAT3;VEGFC;LAMB1;MLH1;AGT;MTOR;VEGFA;MAPK10;RAD51;GSTA4"
"Proteoglycans in cancer","84/205",3.59888888253057e-12,3.8028259192073e-10,0,0,2.82576039832001,74.4599053890424,"ITGB1;CDKN1A;PIK3CD;ELK1;ACTB;ACTG1;IGF1R;PPP1CB;PLAU;MYC;CASP3;AKT3;PLCE1;TIMP3;RAC1;PRKACB;HRAS;MAP2K1;ARHGEF12;PPP1R12A;HGF;ITGA2;MMP2;WNT5A;GAB1;RRAS2;ANK2;SMO;PIK3CA;ARHGEF1;RAF1;PPP1R12B;TP53;MET;PPP1R12C;SOS2;CAMK2D;SDC4;ROCK1;ROCK2;SDC2;PXN;CAMK2A;TWIST2;ITPR1;PIK3R3;ITPR2;PIK3R1;CBL;HIF1A;THBS1;EGFR;NRAS;RRAS;GPC1;PLCG2;FLNA;FLNB;WNT2;MAPK3;TGFB2;FZD5;FZD4;CAV2;LUM;FZD7;CAV1;FZD6;STAT3;FZD8;PTPN11;IGF1;MAPK14;ESR1;MTOR;PPP1CA;VEGFA;COL1A1;MAPK11;COL1A2;MDM2;PDCD4;SDC1;HPSE"
"Regulation of actin cytoskeleton","84/218",1.55239526357151e-10,1.02768111735941e-08,0,0,2.5495320528505,57.5838631656085,"CYFIP2;CHRM2;ITGB1;NCKAP1;PIK3CD;WASL;FGF1;ACTB;ACTG1;PPP1CB;CFL1;BDKRB2;RAC3;BDKRB1;ITGB8;RAC1;HRAS;GIT1;PDGFRB;ACTR3;PDGFRA;ACTR2;MAP2K1;ARHGEF12;PPP1R12A;ITGA4;ITGA3;ACTN1;ITGA2;ITGA1;RRAS2;ACTN4;PIK3CA;SPATA13;ITGA8;ITGA7;MYH9;ARHGEF1;ITGA6;RAF1;PPP1R12B;MYL9;CRK;PPP1R12C;SOS2;VCL;PFN2;ROCK1;ROCK2;PXN;LPAR1;PIK3R3;PIK3R1;MYL12A;EGFR;FGD1;MYL12B;NRAS;RRAS;PDGFC;GNA12;PIP5K1A;PAK3;WASF1;MYH10;WASF2;FGF22;MAPK3;GSN;LIMK1;ARPC4;ARPC5;SSH2;PPP1CA;DIAPH1;DIAPH2;CXCL12;DIAPH3;ARPC3;ITGA10;ITGA11;FGFR4;FGFR2;FGF10"
"Human papillomavirus infection","115/331",1.6209481346363e-10,1.02768111735941e-08,0,0,2.17141941838559,48.9499598345329,"RB1;TNC;RBPJ;CCND3;CCND2;CREB3L1;AKT3;CREB3L2;ATP6V1E1;PRKACB;MAGI1;PDGFRB;MAP2K1;ATP6V0E1;WNT5A;HLA-B;HLA-A;TICAM1;HLA-E;COL4A2;COL4A1;COL4A4;COL4A3;COL4A5;ATP6V0D1;RAF1;TP53;LLGL1;ATP6V1A;NOTCH3;NOTCH1;PXN;PIK3R3;PIK3R1;PSEN1;FOXO1;ATP6V0A2;DVL2;WNT2;ATP6V0A1;JAG1;FZD5;FZD4;FZD7;FZD6;FZD8;COL1A1;COL1A2;CDK6;DLG3;CDK4;RHEB;ITGA10;ITGA11;TADA3;MDM2;COL9A2;ITGB1;CDKN1A;PTEN;PIK3CD;CHD4;LAMC2;LAMC1;TCIRG1;IKBKB;LFNG;CASP3;ITGB8;HRAS;ATP6V0B;CHUK;ITGA4;ITGA3;ITGA2;ITGA1;AXIN2;CCNA2;RBL2;CREB1;PKM;PIK3CA;NFX1;TRAF3;IRF1;ITGA8;COL6A3;ITGA7;COL6A6;ITGA6;SOS2;TLR3;CREB5;HDAC2;TNXB;LAMA2;LAMA3;PARD6G;PTGS2;THBS2;THBS1;EGFR;RELA;PPP2CB;NRAS;MAPK3;BCAP31;TCF7L1;LAMB3;STAT1;MX1;LAMB1;PPP2R3A;MTOR;VEGFA"
"AGE-RAGE signaling pathway in diabetic complications","47/100",9.60469006081753e-10,4.70385217954701e-08,0,0,3.59104814887515,74.5630851992865,"PIK3R3;PIK3CD;PIK3R1;FOXO1;RELA;NRAS;CASP3;AKT3;PIM1;PLCG2;PLCE1;RAC1;JAK2;HRAS;MAPK3;STAT5A;STAT5B;JUN;TGFB2;SMAD3;VCAM1;STAT1;PRKCE;MMP2;STAT3;VEGFC;MAPK14;F3;AGT;TGFBR2;VEGFA;COL1A1;MAPK10;DIAPH1;MAPK11;COL3A1;COL1A2;PLCB4;COL4A2;PIK3CA;COL4A1;CDK4;COL4A4;COL4A3;BCL2;COL4A5;PLCB1"
"Chronic myeloid leukemia","39/76",1.0387055286066e-09,4.70385217954701e-08,0,0,4.26399430577704,88.2019612596297,"RB1;CDKN1A;HDAC2;SHC3;CTBP1;PIK3CD;PIK3R3;PIK3R1;CBL;RELA;IKBKB;NRAS;MYC;AKT3;HRAS;MAPK3;STAT5A;STAT5B;MAP2K1;TGFB2;SMAD3;CHUK;GADD45B;CDKN2A;PTPN11;GAB2;DDB2;RUNX1;TGFBR2;GADD45G;NFKBIA;CDK6;PIK3CA;CDK4;MDM2;RAF1;CRK;SOS2;TP53"
"Cellular senescence","64/156",1.21263178152303e-09,4.80505343428499e-08,0,0,2.82231972698666,57.943558425144,"RB1;CDKN1A;PTEN;PIK3CD;FOXM1;PPP1CB;CCND3;CCND2;MYC;AKT3;CAPN1;NBN;HRAS;LIN52;MAP2K3;MAP2K1;HLA-B;RRAS2;HLA-A;HLA-E;TGFBR2;CCNA2;RBL2;PIK3CA;MAPKAPK2;VDAC2;RAF1;SQSTM1;TP53;SLC25A4;ITPR1;ITPR2;PIK3R3;PIK3R1;FOXO3;FOXO1;ZFP36L2;RELA;ZFP36L1;NRAS;RRAS;E2F4;MAP2K6;MAPK3;TGFB2;CDKN2B;SMAD3;GADD45B;CDKN2A;MAPK14;HIPK3;MTOR;GADD45G;NFATC4;HIPK2;PPP1CA;MAPK11;CDK6;CDK4;RHEB;TRPV4;MDM2;RAD1;CALM1"
"Longevity regulating pathway","47/102",2.17253968878955e-09,7.6521675705143e-08,0,0,3.46003091047496,69.0185132888732,"HDAC2;PRKAA1;IRS1;EHMT2;ADCY4;PIK3R3;PIK3CD;PRKAG2;ADCY3;IRS2;PIK3R1;ADCY1;ADIPOR1;FOXO3;ADCY8;ADIPOR2;FOXO1;RELA;IGF1R;CAMKK2;NRAS;SESN3;CREB3L1;AKT3;CREB3L2;SESN2;EIF4EBP2;PRKACB;HRAS;HSPA8;INSR;HSPA6;HSPA2;IGF1;SOD2;MTOR;CREB1;PIK3CA;RHEB;CAMK4;CAT;PPARG;EIF4E2;TP53;CRYAB;ATF4;CREB5"
"Pancreatic cancer","37/76",1.75361750919125e-08,5.55896750413626e-07,0,0,3.8354522386413,68.497341305592,"RB1;CDKN1A;RALA;RALB;PIK3CD;PIK3R3;PIK3R1;PLD1;EGFR;RELA;IKBKB;AKT3;RAC3;RAC1;RALGDS;MAPK3;MAP2K1;RALBP1;TGFB2;SMAD3;CHUK;GADD45B;CDKN2A;STAT1;STAT3;MTOR;DDB2;TGFBR2;GADD45G;VEGFA;MAPK10;CDK6;RAD51;PIK3CA;CDK4;RAF1;TP53"
"Axon guidance","68/182",3.534712346758e-08,1.01863983083844e-06,0,0,2.41913712853562,41.5076729556877,"EPHB6;SEMA5A;ITGB1;ROBO3;LRRC4;PIK3CD;RND1;ROBO1;CFL1;BOC;RAC3;RAC1;EPHB2;HRAS;NEO1;EPHB4;EPHB3;EPHA5;EPHA4;SEMA6C;ARHGEF12;TRPC6;UNC5B;SEMA6D;WNT5A;SMO;PIK3CA;RAF1;MYL9;MET;CAMK2D;ROCK1;ROCK2;SEMA3D;SEMA3A;CAMK2A;SEMA3B;NTN4;PIK3R3;PARD6G;PIK3R1;EFNA4;NTN1;MYL12A;GNAI1;MYL12B;EFNB1;ABLIM1;NRAS;RRAS;PLCG2;PLXNA2;SRGAP3;SLIT2;PAK3;PLXNA4;MAPK3;NTNG1;LIMK1;SEMA4C;PTPN11;SSH2;GDF7;NFATC4;CXCL12;PLXNB2;PLXNB1;BMPR1B"
"Rap1 signaling pathway","75/210",6.51176145145742e-08,1.72019031676e-06,0,0,2.25416702160888,37.2998611845291,"ITGB1;CSF1;PIK3CD;SIPA1L2;FGF1;ACTB;ACTG1;IGF1R;SIPA1L1;AKT3;PLCE1;RAC3;RAC1;HRAS;MAGI1;MAP2K3;PDGFRB;PDGFRA;MAP2K1;HGF;MAGI3;ARAP3;NGF;PLCB4;PIK3CA;EVL;PRKD1;TLN2;TLN1;PLCB1;RAPGEF5;RAF1;CRK;MET;PFN2;RAPGEF4;RALA;RALB;LPAR1;ADCY4;PIK3R3;ADCY3;PARD6G;PIK3R1;ADCY1;ADCY8;RASGRP2;EFNA4;THBS1;EGFR;GNAI1;RAP1B;GRIN2A;NRAS;RRAS;PDGFC;RALGDS;FGF22;MAP2K6;MAPK3;VASP;FARP2;ANGPT1;INSR;VEGFC;IGF1;MAPK14;VEGFA;MAPK11;GNAQ;CALM1;FGFR4;SIPA1;FGFR2;FGF10"
"Small cell lung cancer","41/92",7.26520407717748e-08,1.77159207112712e-06,0,0,3.25092276586338,53.4373172015374,"ITGB1;RB1;CDKN1A;LAMA2;LAMA3;PTEN;PIK3CD;PIK3R3;LAMC2;LAMC1;PIK3R1;PTGS2;RELA;IKBKB;CASP3;MYC;AKT3;SKP2;CDKN2B;CHUK;GADD45B;LAMB3;ITGA3;ITGA2;LAMB1;DDB2;GADD45G;NFKBIA;CDK6;COL4A2;PIK3CA;TRAF4;COL4A1;TRAF3;CDK4;COL4A4;COL4A3;BCL2;COL4A5;ITGA6;TP53"
"Relaxin signaling pathway","52/129",8.33703875979771e-08,1.87641170687277e-06,0,0,2.73406979199662,44.5652628475126,"PIK3CD;RXFP1;EDNRB;CREB3L1;AKT3;CREB3L2;PRKACB;HRAS;MAP2K1;MMP2;TGFBR2;ACTA2;CREB1;PLCB4;COL4A2;PIK3CA;COL4A1;COL4A4;COL4A3;COL4A5;RAF1;PLCB1;SOS2;ATF4;CREB5;SHC3;ADCY4;PIK3R3;ADCY3;PIK3R1;ADCY1;ADCY8;EGFR;GNAI1;RELA;NRAS;GNG2;GNG5;MAPK3;JUN;VEGFC;MAPK14;GNG11;VEGFA;COL1A1;NFKBIA;MAPK10;MAPK11;COL3A1;COL1A2;GNB2;GNB4"
"Neurotrophin signaling pathway","49/119",8.87891974860934e-08,1.87641170687277e-06,0,0,2.83305407463823,46.0003014017908,"IRS1;PIK3CD;IKBKB;RPS6KA5;ARHGDIA;RPS6KA2;AKT3;RAC1;HRAS;MAP3K5;MAP2K1;GAB1;IRAK3;NGF;PIK3CA;MAPKAPK2;RAF1;TP53;CRK;SOS2;ATF4;ZNF274;CAMK2D;SHC3;MAGED1;CAMK2A;PIK3R3;PIK3R1;PSEN1;FOXO3;RELA;RAP1B;NRAS;MAPK7;IRAK2;PLCG2;MAPK3;MAP3K3;JUN;SORT1;PTPN11;MAPK14;NFKBIA;MAPK10;MAPK11;CAMK4;BCL2;CALM1;NFKBIB"
"Platelet activation","50/124",1.45034975807365e-07,2.87350545818341e-06,0,0,2.73461628210232,43.0600635083459,"ITGB1;PIK3CD;ACTB;ACTG1;PPP1CB;AKT3;PRKG2;PRKACB;PRKG1;GUCY1A2;ARHGEF12;PPP1R12A;ITGA2;PLA2G4C;PLA2G4A;PLCB4;STIM1;PIK3CA;ARHGEF1;TLN2;TLN1;PLCB1;ROCK1;ROCK2;ITPR1;ADCY4;ITPR2;PIK3R3;ADCY3;PIK3R1;ADCY1;RASGRP2;ADCY8;MYL12A;GNAI1;MYL12B;PTGS1;RAP1B;TBXA2R;PLCG2;MAPK3;VASP;MAPK14;PPP1CA;COL1A1;MAPK11;COL3A1;COL1A2;FCGR2A;GNAQ"
"Glioma","35/75",1.60878972861879e-07,2.99991967042445e-06,0,0,3.53541613964078,55.303148149216,"RB1;CDKN1A;CAMK2D;SHC3;CAMK2A;PTEN;PIK3CD;PIK3R3;PIK3R1;EGFR;IGF1R;NRAS;AKT3;PLCG2;HRAS;MAPK3;PDGFRB;PDGFRA;MAP2K1;CAMK1D;GADD45B;CDKN2A;IGF1;MTOR;DDB2;GADD45G;CDK6;PIK3CA;CDK4;CAMK4;MDM2;RAF1;CALM1;SOS2;TP53"
"PI3K-Akt signaling pathway","111/354",1.94679025565154e-07,3.42851395023077e-06,0,0,1.85791164735366,28.708290357818,"CHRM2;CSF1;IRS1;TNC;FGF1;IGF1R;CCND3;CCND2;CREB3L1;MYC;AKT3;CREB3L2;IL6R;MAGI1;PDGFRB;PDGFRA;MAP2K1;HGF;COL4A2;COL4A1;COL4A4;DDIT4;COL4A3;COL4A5;RAF1;TP53;ATF4;LPAR1;PIK3R3;PIK3R1;FOXO3;EFNA4;BCL2L11;PDGFC;THEM4;FGF22;MCL1;INSR;IGF1;GNG11;COL1A1;NR4A1;COL1A2;CDK6;CDK4;RHEB;GNB2;ITGA10;ITGA11;BCL2;GNB4;MDM2;COL9A2;FGFR4;FGFR2;FGF10;ITGB1;CDKN1A;HSP90AB1;PTEN;PIK3CD;LAMC2;BRCA1;LAMC1;IKBKB;ITGB8;RAC1;JAK2;HRAS;HSP90AA1;CHUK;ITGA4;ITGA3;ITGA2;ITGA1;OSMR;NGF;RBL2;CREB1;PIK3CA;ITGA8;COL6A3;ITGA7;SGK3;COL6A6;ITGA6;SGK1;EIF4E2;MET;SOS2;CREB5;PRKAA1;TNXB;LAMA2;LAMA3;THBS2;THBS1;EGFR;RELA;PPP2CB;NRAS;GNG2;GNG5;MAPK3;ANGPT1;LAMB3;VEGFC;LAMB1;PPP2R3A;MTOR;VEGFA"
"MAPK signaling pathway","95/294",3.19892317106982e-07,5.33715076436385e-06,0,0,1.93910084715899,28.9997988454758,"CSF1;RASGRF2;HSPB1;FGF1;ELK1;IGF1R;IKBKB;RPS6KA5;DUSP10;MYC;RPS6KA2;CASP3;AKT3;RAC3;MAP3K8;RAC1;MAP3K6;PRKACB;HRAS;MAP3K4;MAP3K5;MAP2K3;PDGFRB;DUSP5;PDGFRA;MEF2C;MAP2K1;DUSP3;CHUK;DUSP1;HGF;PLA2G4C;CACNA2D3;RRAS2;PLA2G4A;DUSP8;NGF;MAPK8IP3;MAPK8IP1;CDC25B;TGFBR2;CACNB2;PPM1B;DDIT3;MAPKAPK2;MAPT;RAF1;TP53;CRK;MET;SOS2;ATF4;SRF;CACNA1C;RASGRP2;EFNA4;EGFR;RELA;CACNA1G;RAP1B;NRAS;MAPK7;RRAS;PDGFC;GNA12;FLNA;FLNB;MAP4K3;FGF22;MAP2K6;MAPK3;MAP3K3;HSPA8;JUN;TGFB2;JUND;GADD45B;ANGPT1;INSR;HSPA6;VEGFC;IGF1;HSPA2;MAPK14;GADD45G;VEGFA;MAPK10;NR4A1;MAPK11;PPP5C;TAOK3;FGFR4;MAP3K14;FGFR2;FGF10"
"FoxO signaling pathway","51/131",4.02498234413078e-07,6.29747267394158e-06,0,0,2.57979425958852,37.988954180868,"CDKN1A;IRS1;PTEN;PIK3CD;PRKAG2;IRS2;IGF1R;IKBKB;CCND2;AKT3;TNFSF10;SKP2;HRAS;GABARAPL2;GABARAPL1;MAP2K1;CHUK;TGFBR2;RBL2;PIK3CA;CAT;SGK3;RAF1;SGK1;SOS2;PRKAA1;PIK3R3;PIK3R1;FOXO3;FOXO1;EGFR;NRAS;BCL2L11;S1PR1;MAPK3;TGFB2;CDKN2B;SMAD3;GADD45B;INSR;PLK2;STAT3;IGF1;FBXO32;MAPK14;SOD2;GADD45G;MAPK10;MAPK11;BCL6;MDM2"
"Prostate cancer","41/97",4.23112761496105e-07,6.29747267394158e-06,0,0,2.95973433710956,43.4359574991221,"RB1;CDKN1A;HSP90AB1;PTEN;PIK3R3;PIK3CD;PIK3R1;FOXO1;EGFR;RELA;IGF1R;IKBKB;NRAS;PLAU;CREB3L1;AKT3;CREB3L2;PDGFC;HRAS;MAPK3;PDGFRB;PDGFRA;MAP2K1;HSP90AA1;TCF7L1;CHUK;IGF1;ETV5;MTOR;NFKBIA;CREB1;ZEB1;PIK3CA;BCL2;MDM2;RAF1;TP53;SOS2;FGFR2;ATF4;CREB5"
"cGMP-PKG signaling pathway","61/167",4.37048576740425e-07,6.29747267394158e-06,0,0,2.33090217218963,34.1319167752575,"IRS1;ATP2A2;IRS2;ADRA1B;SLC8A1;PPP1CB;EDNRA;EDNRB;CREB3L1;AKT3;CREB3L2;ADORA1;BDKRB2;PRKG2;PRKG1;MEF2A;GUCY1A2;MAP2K1;MEF2C;PPP1R12A;TRPC6;PRKCE;ATP1B1;ADRA2A;CREB1;PLCB4;KCNMA1;PPIF;VDAC2;PDE5A;RAF1;PLCB1;MYL9;SLC25A4;ATF4;CREB5;ROCK1;NPR1;ROCK2;SRF;ITPR1;ADCY4;ITPR2;ADCY3;ATP1A2;CACNA1C;ADCY1;ATP1A1;ADCY8;GNAI1;GNA12;MEF2D;MAPK3;VASP;KCNJ8;INSR;ATP2B1;NFATC4;PPP1CA;GNAQ;CALM1"
"Colorectal cancer","37/86",9.04317832471492e-07,1.24638588214549e-05,0,0,3.05079571692003,42.4551323732057,"CDKN1A;RALA;RALB;PIK3CD;PIK3R3;PIK3R1;EGFR;BBC3;NRAS;BCL2L11;CASP3;MYC;AKT3;RAC3;RAC1;HRAS;RALGDS;MAPK3;MAP2K1;JUN;TCF7L1;TGFB2;SMAD3;GADD45B;AXIN2;MLH1;MTOR;DDB2;TGFBR2;GADD45G;MAPK10;MSH2;PIK3CA;BCL2;RAF1;SOS2;TP53"
"Human cytomegalovirus infection","75/225",1.45927921452228e-06,1.92746462918151e-05,0,0,2.02683363148479,27.2357146116251,"RB1;CDKN1A;PIK3CD;ELK1;IKBKB;AKAP13;CREB3L1;MYC;CASP3;AKT3;CREB3L2;RAC3;RAC1;PRKACB;HRAS;IL6R;PDGFRA;MAP2K1;ARHGEF12;CHUK;HLA-B;HLA-A;HLA-E;PLCB4;CREB1;PIK3CA;ARHGEF1;PLCB1;RAF1;TP53;CRK;SOS2;ATF4;CREB5;ROCK1;ROCK2;PXN;ADCY4;ITPR1;PIK3R3;ADCY3;ITPR2;PIK3R1;ADCY1;ADCY8;PTGS2;EGFR;GNAI1;RELA;NRAS;GNG2;GNG5;GNA12;PTK2B;MAP2K6;MAPK3;CCR1;CDKN2A;STAT3;MAPK14;GNG11;MTOR;NFATC4;VEGFA;NFKBIA;MAPK11;CDK6;CXCL12;CDK4;RHEB;GNAQ;GNB2;GNB4;MDM2;CALM1"
"Growth hormone synthesis, secretion and action","46/119",1.84234437234739e-06,2.33609266413649e-05,0,0,2.54788265465691,33.6434443623065,"SHC3;IRS1;ITPR1;ADCY4;ITPR2;PIK3R3;PIK3CD;ADCY3;IRS2;CACNA1C;PIK3R1;ADCY1;ADCY8;GNAI1;NRAS;SOCS1;CREB3L1;AKT3;CREB3L2;PLCG2;JAK2;PRKACB;HRAS;MAP2K6;MAPK3;MAP2K3;STAT5A;STAT5B;MAP2K1;STAT1;STAT3;IGF1;MAPK14;MTOR;MAPK10;MAPK11;CREB1;PLCB4;PIK3CA;GNAQ;RAF1;PLCB1;CRK;SOS2;ATF4;CREB5"
"Phospholipase D signaling pathway","54/148",2.03173104484697e-06,2.42084065363749e-05,0,0,2.32444915575074,30.46567736505,"ARF1;DGKB;PIK3CD;AKT3;HRAS;PDGFRB;PDGFRA;MAP2K1;SPHK1;PLA2G4C;GAB1;PLA2G4A;RRAS2;GAB2;DNM1;DNM3;PLCB4;PIK3CA;RAF1;PLCB1;SOS2;DGKH;ARF6;RAPGEF4;AGPAT5;PTGFR;RALA;SHC3;RALB;LPAR1;ADCY4;PIK3R3;ADCY3;PIK3R1;ADCY1;PLD1;ADCY8;AGPAT2;EGFR;CYTH3;NRAS;RRAS;PDGFC;GNA12;PLCG2;PIP5K1A;PTK2B;RALGDS;MAPK3;INSR;PTPN11;AGT;MTOR;RHEB"
"Melanoma","32/72",2.06191475230953e-06,2.42084065363749e-05,0,0,3.22992922143579,42.2858312907842,"RB1;CDKN1A;PTEN;PIK3CD;PIK3R3;PIK3R1;FGF1;EGFR;IGF1R;NRAS;AKT3;PDGFC;HRAS;FGF22;MAPK3;PDGFRB;PDGFRA;MAP2K1;GADD45B;CDKN2A;HGF;IGF1;DDB2;GADD45G;CDK6;PIK3CA;CDK4;MDM2;RAF1;MET;TP53;FGF10"
"Ras signaling pathway","76/232",2.6181942083978e-06,2.96416987165037e-05,0,0,1.97462115253526,25.3798564435292,"CSF1;RASGRF2;PIK3CD;FGF1;ELK1;IGF1R;IKBKB;RASSF1;AKT3;PLCE1;RAC3;RAC1;PRKACB;HRAS;PDGFRB;PDGFRA;MAP2K1;RALBP1;CHUK;KSR1;HGF;PLA2G4C;GAB1;RRAS2;PLA2G4A;GAB2;NGF;PIK3CA;RIN1;RAPGEF5;RAF1;MET;SOS2;ARF6;RALA;RAB5C;SHC3;RALB;PIK3R3;PIK3R1;RASAL2;PLD1;RASGRP2;EFNA4;EGFR;RELA;RAP1B;GRIN2A;NRAS;GNG2;RRAS;GNG5;PDGFC;PLCG2;ABL2;SHOC2;PAK3;RALGDS;FGF22;MAPK3;ANGPT1;INSR;PLA2G2A;VEGFC;PTPN11;IGF1;GNG11;VEGFA;MAPK10;GNB2;GNB4;CALM1;RGL1;FGFR4;FGFR2;FGF10"
"GnRH signaling pathway","38/93",2.99157601404107e-06,3.27010205672765e-05,0,0,2.79109781357883,35.5019553688531,"CAMK2D;CAMK2A;ADCY4;ITPR1;ADCY3;ITPR2;ADCY1;CACNA1C;ADCY8;PLD1;ELK1;EGFR;NRAS;MAPK7;PTK2B;HRAS;PRKACB;MAP3K4;MAP2K6;MAPK3;MAP2K3;MAP3K3;MAP2K1;JUN;MMP2;PLA2G4C;PLA2G4A;MAPK14;MAPK10;MAPK11;PLCB4;GNAQ;GNRH1;PLCB1;RAF1;CALM1;SOS2;ATF4"
"Salmonella infection","80/249",3.37322932557278e-06,3.56437898735524e-05,0,0,1.91904937830456,24.1793313387763,"CYFIP2;NCKAP1;ARF1;HSP90AB1;FHOD1;PIK3CD;WASL;PIK3C2A;FBXO22;ACTB;ACTG1;IKBKB;TUBA1C;FYCO1;TUBA1B;TUBA1A;MYC;KIF5B;CASP3;AKT3;TNFSF10;CASP1;RAC1;HRAS;KPNA3;MAP2K3;ACTR3;VPS18;ACTR2;MAP2K1;HSP90AA1;ANXA2;CHUK;EXOC7;TUBB;TUBA4A;RHOB;PIK3CA;RHOJ;ELMO1;PIK3C3;RAF1;MYL9;ARL8A;PFN2;ARF6;ARL8B;DCTN6;RALA;RAB5C;AHNAK;ROCK2;LY96;SNX33;MYL12A;RELA;MYL12B;CYTH3;RRAS;VPS11;FLNA;SNX9;FLNB;PAK3;RILP;WASF3;MAP2K6;MAPK3;JUN;TCF7L1;AHNAK2;TNFRSF10B;ARPC4;ARPC5;MAPK14;NFKBIA;MAPK10;MAPK11;ARPC3;BCL2"
"Oxytocin signaling pathway","55/154",3.50139574544237e-06,3.58045952033946e-05,0,0,2.24778936068028,28.2375141678457,"OXTR;CDKN1A;PRKAG2;MYL6B;ELK1;ACTB;ACTG1;PPP1CB;EEF2K;PRKACB;HRAS;GUCY1A2;MAP2K1;MEF2C;CAMK1D;PPP1R12A;PLA2G4C;CACNA2D3;PLA2G4A;CACNB2;MYL6;PLCB4;RAF1;PLCB1;PPP1R12B;MYL9;PPP1R12C;CAMK2D;PRKAA1;ROCK1;NPR1;ROCK2;CAMK2A;ITPR1;ADCY4;ITPR2;ADCY3;CACNA1C;ADCY1;ADCY8;PTGS2;EGFR;GNAI1;CAMKK2;NRAS;MAPK7;MAPK3;JUN;KCNJ12;NFATC4;PPP1CA;RCAN1;GNAQ;CAMK4;CALM1"
"C-type lectin receptor signaling pathway","41/104",3.67255570968218e-06,3.63812549990391e-05,0,0,2.6297207845219,32.9099635813628,"ITPR1;ITPR2;PIK3R3;PIK3CD;CBLB;PIK3R1;LSP1;PTGS2;MALT1;RELA;IKBKB;NRAS;RRAS;AKT3;PLCG2;CASP1;IL12A;HRAS;MAPK3;EGR2;JUN;EGR3;ARHGEF12;CHUK;KSR1;STAT1;RRAS2;PTPN11;MAPK14;NFATC4;NFKBIA;MAPK10;MAPK11;PIK3CA;IRF1;MAPKAPK2;BCL3;MDM2;RAF1;CALM1;MAP3K14"
"Shigellosis","79/246",3.94685348028427e-06,3.79137137348519e-05,0,0,1.91750803841281,23.85876995581,"ITGB1;ARF1;CALCOCO2;PIK3CD;WASL;FNBP1L;ACTB;ACTG1;IKBKB;RPS6KA5;AKT3;CASP1;PLCE1;RAC1;CAPN1;CAST;ACTR3;GABARAPL2;ACTR2;GABARAPL1;CHUK;FNBP1;ACTN1;PRKCE;WIPI1;ACTN4;WIPI2;PLCB4;PIK3CA;ELMO1;PIK3C3;TLN2;ARHGEF2;TLN1;PLCB1;MYL9;TP53;SQSTM1;CRK;VCL;PFN2;ARF6;ROCK1;ROCK2;PXN;CUL1;ITPR1;PIK3R3;ITPR2;PIK3R1;FOXO3;MYL12A;EGFR;RELA;FOXO1;MALT1;MYL12B;CYTH3;UBB;PLCG2;WASF1;WASF2;MAPK3;JUN;ARPC4;ARPC5;MAPK14;MTOR;NFKBIA;MAPK10;DIAPH1;MAPK11;TNIP1;ARPC3;ATG16L1;BCL2;MDM2;UBE2N;NFKBIB"
"Sphingolipid signaling pathway","45/119",4.72887800965268e-06,4.34895604276312e-05,0,0,2.45803373751636,30.1399736117745,"ROCK1;SGMS1;ROCK2;PTEN;PIK3R3;PIK3CD;PIK3R1;SGMS2;PLD1;GNAI1;RELA;PPP2CB;NRAS;SPTLC3;AKT3;GNA12;ADORA1;BDKRB2;S1PR1;RAC3;RAC1;HRAS;MAP3K5;MAPK3;CERS4;MAP2K1;ABCC1;CERS5;CERS6;PRKCE;SPHK1;GAB2;PPP2R3A;MAPK14;MAPK10;MAPK11;PLCB4;PIK3CA;GNAQ;BCL2;DEGS1;RAF1;PLCB1;TP53;NSMAF"
"Inflammatory mediator regulation of TRP channels","39/98",4.80168648254603e-06,4.34895604276312e-05,0,0,2.67034778167397,32.7025298711289,"CAMK2D;CAMK2A;ITPR1;ADCY4;ITPR2;PIK3R3;PIK3CD;ADCY3;PIK3R1;HTR2A;ADCY1;ADCY8;PPP1CB;HRH1;PLCG2;BDKRB2;BDKRB1;ASIC2;PRKACB;ASIC1;MAP2K6;MAP2K3;PRKCH;TRPA1;PRKCE;PLA2G4C;PLA2G4A;IGF1;NGF;MAPK14;PPP1CA;MAPK10;MAPK11;PLCB4;PIK3CA;GNAQ;TRPV4;CALM1;PLCB1"
"Hepatocellular carcinoma","58/168",6.49383696001454e-06,5.7181842120128e-05,0,0,2.13350913717326,25.4840348303757,"RB1;CDKN1A;SMARCB1;PTEN;PIK3CD;ELK1;ACTB;ACTG1;IGF1R;MYC;AKT3;DPF3;HRAS;MAP2K1;GSTO1;HGF;WNT5A;GAB1;AXIN2;DDB2;TGFBR2;PIK3CA;RAF1;TP53;MET;SOS2;SMARCD2;SHC3;PIK3R3;PIK3R1;EGFR;LRP6;NRAS;DVL2;PLCG2;HMOX1;WNT2;MAPK3;GSTM3;NQO1;GSTM2;TGFB2;TCF7L1;SMAD3;FZD5;GADD45B;FZD4;CDKN2A;FZD7;TXNRD1;FZD6;FZD8;MTOR;GADD45G;CDK6;GSTA4;CDK4;GSTM5"
"Fluid shear stress and atherosclerosis","50/139",7.57224571730822e-06,6.47707125216975e-05,0,0,2.27158598729749,26.7843177941362,"HSP90AB1;PIK3CD;ACTB;ACTG1;IKBKB;AKT3;RAC3;RAC1;MAP3K5;MEF2A;MEF2C;HSP90AA1;CHUK;DUSP1;GSTO1;MMP2;CYBA;PIK3CA;ARHGEF2;SQSTM1;TP53;PRKAA1;SDC4;SDC2;PIK3R3;PIK3R1;RELA;MAPK7;GPC1;HMOX1;MAP2K6;GSTM3;NQO1;GSTM2;JUN;VCAM1;CAV2;CAV1;MAPK14;ASS1;VEGFA;MAPK10;MAPK11;GSTA4;TRPV4;BCL2;SDC1;BMPR1B;CALM1;GSTM5"
"Bladder cancer","21/41",7.76431254203314e-06,6.47707125216975e-05,0,0,4.23282077136375,49.8032533781972,"RB1;CDKN1A;MAP2K1;CDKN2A;DAPK2;MMP2;DAPK3;THBS1;EGFR;TYMP;VEGFA;NRAS;RASSF1;RPS6KA5;CDK4;MYC;MDM2;RAF1;HRAS;TP53;MAPK3"
"Fc gamma R-mediated phagocytosis","38/97",9.76272796164554e-06,7.93534554831188e-05,0,0,2.60121862261317,30.0100997744258,"PIK3R3;PIK3CD;ASAP1;PIK3R1;PLD1;INPP5D;AKT3;CFL1;PLCG2;PIP5K1A;RAC1;WASF1;WASF2;WASF3;MAPK3;VASP;ACTR3;ACTR2;MAP2K1;MARCKSL1;GSN;PRKCE;SPHK1;PLA2G4C;LIMK1;PLA2G4A;ARPC4;ARPC5;GAB2;MARCKS;FCGR2A;PIK3CA;BIN1;ARPC3;AMPH;RAF1;CRK;ARF6"
"Kaposi sarcoma-associated herpesvirus infection","64/193",1.00307627748427e-05,7.94937949906284e-05,0,0,2.00813913977985,23.113388128907,"RB1;CDKN1A;PIK3CD;IKBKB;PREX1;ZFP36;MYC;CASP3;AKT3;RAC1;JAK2;HRAS;GABARAPL2;GABARAPL1;MAP2K1;CHUK;IFNGR1;HLA-B;HLA-A;TICAM1;HLA-E;CREB1;PIK3CA;TRAF3;MAPKAPK2;PIK3C3;RAF1;TP53;TLR3;ITPR1;PIK3R3;ITPR2;PIK3R1;PTGS2;HIF1A;RELA;NRAS;GNG2;UBB;GNG5;PLCG2;MICA;MICB;MAP2K6;MAPK3;CCR1;JUN;TCF7L1;STAT1;STAT3;MAPK14;GNG11;MTOR;NFATC4;VEGFA;NFKBIA;MAPK10;RCAN1;MAPK11;CDK6;CDK4;GNB2;GNB4;CALM1"
"Vascular smooth muscle contraction","48/133",1.03014007679588e-05,7.96474156937304e-05,0,0,2.28275903254703,26.2134485463742,"RAMP3;ROCK1;NPR1;ROCK2;ITPR1;ADCY4;ITPR2;ADCY3;ADM;MYL6B;CACNA1C;ADCY1;ADRA1B;ADCY8;ACTG2;PPP1CB;EDNRA;CALD1;GNA12;PRKACB;MYH10;PRKG1;MAPK3;GUCY1A2;PPP1R14A;MAP2K1;PRKCH;ARHGEF12;PPP1R12A;PRKCE;PLA2G4C;PLA2G2A;PLA2G4A;AGT;PPP1CA;ACTA2;MYL6;PLCB4;GNAQ;KCNMA1;MYH9;ARHGEF1;RAF1;CALM1;PLCB1;PPP1R12B;MYL9;PPP1R12C"
"TNF signaling pathway","42/112",1.22975513158668e-05,9.28172325507088e-05,0,0,2.42402432843386,27.4062866584468,"CEBPB;CSF1;PIK3R3;PIK3CD;TNFAIP3;PIK3R1;PTGS2;RELA;IKBKB;RPS6KA5;CREB3L1;CASP3;AKT3;CREB3L2;MAP3K8;DNM1L;MAP3K5;MAP2K6;MAPK3;MAP2K3;MAP2K1;JUN;JAG1;VCAM1;CHUK;LIF;VEGFC;CFLAR;TNFRSF1B;MAPK14;NFKBIA;MAPK10;MAPK11;ITCH;CREB1;PIK3CA;TRAF3;IRF1;BCL3;MAP3K14;ATF4;CREB5"
"ECM-receptor interaction","35/88",1.46710644886721e-05,0.000108156452160676,0,0,2.66606685154337,29.6723466939935,"ITGB1;TNXB;LAMA2;SDC4;LAMA3;TNC;LAMC2;LAMC1;HMMR;THBS2;THBS1;DAG1;ITGB8;ITGA4;LAMB3;ITGA3;ITGA2;ITGA1;LAMB1;COL1A1;COL1A2;COL4A2;COL4A1;COL4A4;ITGA10;COL4A3;ITGA11;ITGA8;COL4A5;COL6A3;ITGA7;SDC1;COL6A6;ITGA6;COL9A2"
"Regulation of lipolysis in adipocytes","25/55",1.63924407227808e-05,0.000118100084298216,0,0,3.36066952645302,37.0301765813439,"IRS1;NPR1;ADCY4;PIK3CD;ADCY3;PIK3R3;IRS2;ABHD5;ADCY1;PIK3R1;ADCY8;PTGS2;GNAI1;PTGS1;LIPE;AKT3;ADORA1;PRKG2;PRKACB;PRKG1;INSR;FABP4;PIK3CA;MGLL;PNPLA2"
"Endocytosis","78/252",2.009098466679e-05,0.000139979264695016,0,0,1.8158038627745,19.6383534204399,"ARF3;SH3GL3;ARF1;CLTB;CBLB;AP2A1;WASL;IGF1R;EEA1;CAPZB;KIF5B;PSD3;VPS35;VPS36;HRAS;GIT1;SH3GLB1;ACTR3;PDGFRA;ACTR2;HLA-B;ARAP3;VPS37D;VPS37A;HLA-A;DNM1;HLA-E;RNF41;EPN2;TGFBR2;DNM3;ACAP3;RAB31;BIN1;DNAJC6;RAB35;AMPH;ARF5;ARF6;RAB5C;TSG101;VPS4B;VPS4A;NEDD4L;PARD6G;ASAP1;PLD1;CBL;EGFR;CYTH3;RAB11FIP1;SNX2;GRK5;CLTCL1;PIP5K1A;RAB11FIP3;LDLR;RAB11FIP4;SNX5;GIT2;HSPA8;ARFGEF2;SMAD3;CAV2;CAV1;HSPA6;ARPC4;ARPC5;HSPA2;EHD1;EHD3;ITCH;EHD4;ARPC3;MDM2;FOLR3;FGFR4;FGFR2"
"Non-small cell lung cancer","30/72",2.03124485046396e-05,0.000139979264695016,0,0,2.88204720999062,31.1384353262017,"RB1;CDKN1A;PIK3CD;PIK3R3;PIK3R1;FOXO3;EGFR;RASSF1;NRAS;KIF5B;AKT3;PLCG2;HRAS;MAPK3;STAT5A;STAT5B;MAP2K1;GADD45B;CDKN2A;HGF;STAT3;DDB2;GADD45G;CDK6;PIK3CA;CDK4;RAF1;MET;SOS2;TP53"
"Yersinia infection","48/137",2.5314325684885e-05,0.000170737047704437,0,0,2.17961558204529,23.0693566624436,"ITGB1;ROCK1;ROCK2;ARHGEF28;PXN;PIK3R3;PIK3CD;PIK3R1;WASL;ACTB;RELA;ACTG1;IKBKB;RPS6KA2;AKT3;CASP1;PIP5K1A;RAC3;PTK2B;RAC1;WASF2;MAP2K6;MAPK3;MAP2K3;ACTR3;ACTR2;GIT2;MAP2K1;JUN;ARHGEF12;CHUK;ITGA4;LIMK1;ARPC4;ARPC5;TICAM1;MAPK14;NFKBIA;MAPK10;MAPK11;FCGR2A;PIK3CA;ARPC3;GNAQ;ELMO1;ARHGEF1;CRK;ARF6"
"Insulin resistance","40/108",2.74297258488849e-05,0.000181150481127011,0,0,2.37558853328565,24.9529045980575,"PYGB;PRKAA1;IRS1;PTEN;PIK3R3;PIK3CD;PRKAG2;IRS2;PIK3R1;ACACB;FOXO1;RELA;PPP1CB;IKBKB;CREB3L1;RPS6KA2;AKT3;CREB3L2;MLXIP;SREBF1;CPT1A;PRKCE;GFPT2;INSR;NR1H2;STAT3;PTPN11;AGT;MTOR;PPP1CA;NFKBIA;MAPK10;CREB1;PPP1R3C;PIK3CA;TBC1D4;TRIB3;PPARA;SLC27A4;CREB5"
"Bacterial invasion of epithelial cells","31/77",3.34792249635162e-05,0.000216590088029278,0,0,2.71915482743844,28.0197633033382,"ITGB1;SHC3;PXN;CLTB;PIK3CD;PIK3R3;WASL;PIK3R1;CBL;ACTB;ACTG1;CLTCL1;RAC1;WASF1;WASF2;ACTR3;ACTR2;CAV2;CAV1;GAB1;ARPC4;ARPC5;DNM1;DNM3;ARHGAP10;PIK3CA;ARPC3;ELMO1;CRK;MET;VCL"
"Hepatitis B","54/162",4.05678682475039e-05,0.000257200284689175,0,0,2.02135231316726,20.4409944520771,"RB1;CDKN1A;DDX3X;PIK3CD;ELK1;IFIH1;IKBKB;CREB3L1;MYC;CASP3;AKT3;CREB3L2;JAK2;HRAS;MAP2K3;MAP2K1;CHUK;TICAM1;DDB2;TGFBR2;CCNA2;CREB1;PIK3CA;TRAF3;RAF1;TP53;SOS2;TLR3;ATF4;CREB5;PCNA;PIK3R3;PIK3R1;RELA;NRAS;PTK2B;MAP2K6;MAPK3;STAT5A;STAT5B;EGR2;JUN;TGFB2;EGR3;SMAD3;STAT1;STAT3;MAPK14;NFATC4;NFKBIA;MAPK10;MAPK11;MAVS;BCL2"
"Breast cancer","50/147",4.2558522644612e-05,0.000264530425065529,0,0,2.08319153057965,20.9665528615055,"RB1;CDKN1A;PTEN;PIK3CD;BRCA1;FGF1;IGF1R;MYC;AKT3;HRAS;MAP2K1;NCOA3;WNT5A;AXIN2;DDB2;PIK3CA;RAF1;TP53;SOS2;NOTCH3;NOTCH1;SHC3;PIK3R3;PIK3R1;DLL1;EGFR;LRP6;DLL4;NRAS;DVL2;WNT2;FGF22;MAPK3;JAG2;JUN;TCF7L1;JAG1;FZD5;GADD45B;FZD4;FZD7;FZD6;FZD8;IGF1;ESR1;MTOR;GADD45G;CDK6;CDK4;FGF10"
"Protein digestion and absorption","38/103",4.75301240513348e-05,0.000289750948543714,0,0,2.36021811100292,23.4939576923784,"COL18A1;COL15A1;COL16A1;KCNE3;COL14A1;ELN;COL11A1;COL12A1;SLC1A1;ATP1A2;SLC1A5;ATP1A1;SLC8A1;DPP4;SLC38A2;SLC36A4;COL28A1;SLC36A1;COL27A1;COL24A1;ATP1B1;PGA3;COL1A1;COL3A1;COL1A2;COL4A2;COL5A1;COL4A1;COL4A4;COL5A3;COL7A1;COL4A3;COL5A2;COL4A5;COL8A1;COL6A3;COL6A6;COL9A2"
"PD-L1 expression and PD-1 checkpoint pathway in cancer","34/89",5.16355259011417e-05,0.000308838900201168,0,0,2.49477169264726,24.6266413961006,"CD274;PTEN;PIK3CD;PIK3R3;PIK3R1;HIF1A;EGFR;RELA;IKBKB;NRAS;AKT3;JAK2;HRAS;MAP2K6;MAPK3;MAP2K3;BATF2;MAP3K3;BATF3;MAP2K1;JUN;CHUK;IFNGR1;STAT1;STAT3;PTPN11;TICAM1;MAPK14;MTOR;NFKBIA;MAPK11;PIK3CA;RAF1;NFKBIB"
"Apoptosis","48/142",7.14595004270115e-05,0.000419493733988197,0,0,2.06303056485582,19.6944730972669,"ITPR1;ITPR2;PIK3R3;PIK3CD;PIK3R1;ACTB;CTSS;RELA;ACTG1;BBC3;LMNB1;IKBKB;TUBA1C;TUBA1B;NRAS;BCL2L11;TUBA1A;CASP3;AKT3;TNFSF10;CAPN1;HRAS;SPTAN1;CTSC;MAP3K5;MCL1;MAPK3;MAP2K1;JUN;GADD45B;CHUK;PARP2;TNFRSF10B;CFLAR;NGF;PTPN13;TUBA4A;GADD45G;NFKBIA;MAPK10;PIK3CA;DDIT3;BCL2;BIRC6;RAF1;TP53;MAP3K14;ATF4"
"Aldosterone synthesis and secretion","36/98",8.2375949914711e-05,0.000466306716481489,0,0,2.34344390753559,22.0382551125752,"SCARB1;CAMK2D;DAGLA;NPR1;CAMK2A;ITPR1;ADCY4;ITPR2;ADCY3;ATP1A2;CACNA1C;ADCY1;ATP1A1;ADCY8;CACNA1G;LIPE;CREB3L1;CREB3L2;PRKACB;LDLR;CAMK1D;PRKCE;ATP2B1;ATP1B1;AGT;NR4A1;CREB1;PLCB4;GNAQ;CAMK4;PRKD1;CALM1;DAGLB;PLCB1;ATF4;CREB5"
"Choline metabolism in cancer","36/98",8.2375949914711e-05,0.000466306716481489,0,0,2.34344390753559,22.0382551125752,"SLC44A3;SLC44A1;DGKB;SLC44A2;PIK3R3;PIK3CD;PIK3R1;PLD1;HIF1A;EGFR;NRAS;AKT3;PDGFC;PIP5K1A;RAC3;RAC1;WASF1;RALGDS;HRAS;WASF2;WASF3;MAPK3;PDGFRB;PDGFRA;MAP2K1;JUN;PLA2G4C;PLA2G4A;GPCPD1;MTOR;MAPK10;PIK3CA;RHEB;RAF1;SOS2;DGKH"
"Prolactin signaling pathway","28/70",9.04826263500313e-05,0.000503210395665964,0,0,2.68855218855219,25.0313691270265,"GALT;SHC3;PIK3CD;PIK3R3;PIK3R1;FOXO3;RELA;NRAS;CCND2;SOCS1;AKT3;JAK2;HRAS;MAPK3;SOCS5;STAT5A;STAT5B;MAP2K1;STAT1;STAT3;MAPK14;ESR1;MAPK10;MAPK11;PIK3CA;IRF1;RAF1;SOS2"
"Gap junction","33/88",0.00010104465584469,0.000552261308668391,0,0,2.42078381795196,22.2710852486617,"ADCY4;ITPR1;LPAR1;ADCY3;ITPR2;HTR2A;ADCY1;ADCY8;EGFR;GNAI1;TUBA1C;TUBA1B;NRAS;TUBA1A;MAPK7;PDGFC;PRKG2;HRAS;PRKACB;PRKG1;MAPK3;PDGFRB;GUCY1A2;PDGFRA;MAP2K1;TUBB;TUBA4A;TJP1;PLCB4;GNAQ;PLCB1;RAF1;SOS2"
"ErbB signaling pathway","32/85",0.000117335113099391,0.000630427641567914,0,0,2.43569834214091,22.0442306131839,"CDKN1A;CAMK2D;SHC3;CAMK2A;PIK3CD;PIK3R3;CBLB;PIK3R1;CBL;ELK1;EGFR;NRAS;MYC;AKT3;PLCG2;ABL2;PAK3;HRAS;MAPK3;STAT5A;STAT5B;MAP2K1;JUN;GAB1;NRG1;MTOR;BTC;MAPK10;PIK3CA;RAF1;CRK;SOS2"
"Autophagy","46/137",0.000119743199612032,0.000632643237950238,0,0,2.04159767173466,18.4359559006155,"PRKAA1;IRS1;MTMR14;ITPR1;PTEN;PIK3R3;PIK3CD;IRS2;PIK3R1;HIF1A;TANK;IGF1R;CAMKK2;PPP2CB;NRAS;DEPTOR;RRAS;TP53INP2;AKT3;PRKACB;HRAS;MAPK3;SH3GLB1;GABARAPL2;GABARAPL1;MAP2K1;DAPK2;ATG9A;DAPK3;RRAS2;WIPI1;WIPI2;CFLAR;MTOR;MAPK10;VMP1;ATG16L2;PIK3CA;ATG16L1;RHEB;DDIT4;BCL2;ULK2;PIK3C3;RAF1;SQSTM1"
"Dilated cardiomyopathy","35/96",0.000122377515493897,0.000635961842812547,0,0,2.3152575549593,20.8567659305187,"ITGB1;LAMA2;ADCY4;ATP2A2;ADCY3;ADCY1;CACNA1C;ADCY8;ACTB;SLC8A1;ACTG1;SGCD;SGCB;DAG1;ITGB8;DMD;PRKACB;TGFB2;ITGA4;TPM4;ITGA3;TPM3;ITGA2;TPM2;ITGA1;TPM1;CACNA2D3;IGF1;AGT;CACNB2;ITGA10;ITGA11;ITGA8;ITGA7;ITGA6"
"Endometrial cancer","24/58",0.000151524516575407,0.00077473018958716,0,0,2.84525434795513,25.0233380079147,"CDKN1A;MAP2K1;TCF7L1;GADD45B;PTEN;PIK3CD;PIK3R3;AXIN2;PIK3R1;FOXO3;MLH1;ELK1;EGFR;DDB2;GADD45G;NRAS;PIK3CA;MYC;AKT3;RAF1;HRAS;SOS2;TP53;MAPK3"
"mTOR signaling pathway","50/154",0.00016081154642179,0.000809162860566783,0,0,1.94212212368637,16.9649754905945,"IRS1;CAB39L;PTEN;PIK3CD;IGF1R;IKBKB;DEPTOR;RPS6KA2;AKT3;SESN2;GRB10;ATP6V1E1;SKP2;HRAS;MAP2K1;CHUK;STRADB;WNT5A;SLC7A5;CLIP1;PIK3CA;DDIT4;ULK2;RAF1;EIF4E2;SGK1;SOS2;ATP6V1A;PRKAA1;SEH1L;CAB39;PIK3R3;PIK3R1;LRP6;NRAS;DVL2;WNT2;MAPK3;FZD5;FZD4;FZD7;INSR;FZD6;FZD8;IGF1;MTOR;RHEB;LPIN1;LPIN3;LAMTOR5"
"AMPK signaling pathway","41/120",0.000178653902765291,0.000884895112134331,0,0,2.09501528159506,18.080107848951,"PRKAA1;PFKFB3;CAB39;IRS1;CAB39L;PIK3R3;PIK3CD;PRKAG2;IRS2;PIK3R1;ADIPOR1;FOXO3;ACACB;ADIPOR2;FOXO1;IGF1R;CAMKK2;LIPE;PPP2CB;EEF2K;CREB3L1;AKT3;CREB3L2;MLYCD;RAB2A;SREBF1;CPT1A;INSR;STRADB;IGF1;PPP2R3A;MTOR;CCNA2;TBC1D1;CREB1;PIK3CA;RHEB;SCD;LEP;PPARG;CREB5"
"Renal cell carcinoma","27/69",0.000185490139408466,0.000904621141422828,0,0,2.5918779528979,22.2707342073328,"CDKN1A;FH;EPAS1;PIK3CD;PIK3R3;PIK3R1;HIF1A;RAP1B;NRAS;AKT3;RAC1;PAK3;HRAS;MAPK3;ARNT2;MAP2K1;JUN;TGFB2;HGF;GAB1;PTPN11;VEGFA;PIK3CA;RAF1;CRK;MET;SOS2"
"Cholinergic synapse","39/113",0.000199906123499028,0.000960155168927149,0,0,2.12705919391156,18.1175727228854,"CHRM2;CAMK2D;CAMK2A;ITPR1;ADCY4;ITPR2;PIK3R3;PIK3CD;ADCY3;CACNA1C;PIK3R1;ADCY1;ADCY8;GNAI1;NRAS;GNG2;GNG5;CREB3L1;AKT3;CREB3L2;JAK2;PRKACB;HRAS;MAPK3;MAP2K1;KCNJ12;GNG11;CREB1;PLCB4;PIK3CA;GNAQ;GNB2;CAMK4;KCNQ3;BCL2;GNB4;PLCB1;ATF4;CREB5"
"Inositol phosphate metabolism","28/73",0.000211921719400659,0.00100267440373148,0,0,2.50884399551066,21.2230479535962,"ISYNA1;INPP1;MTMR14;PTEN;PIK3CD;PIK3C2A;MTMR7;INPP5A;IMPA1;IMPA2;INPP5D;PLCG2;PLCE1;INPP5K;PIP5K1A;CDIPT;SACM1L;IPMK;ITPK1;SYNJ2;ITPKB;ALDH6A1;PLCB4;PIK3CA;SYNJ1;PIK3C3;PI4KB;PLCB1"
"Thyroid hormone signaling pathway","41/121",0.000218786418106785,0.00101993080205663,0,0,2.06869774512288,17.4337735053682,"NOTCH3;HDAC2;NOTCH1;THRB;PIK3R3;ATP2A2;PIK3CD;ATP1A2;PIK3R1;ATP1A1;HIF1A;ACTB;FOXO1;ACTG1;MED14;NRAS;MYC;AKT3;PLCG2;PLCE1;SLC16A2;PRKACB;HRAS;MAPK3;MAP2K1;STAT1;NCOA3;DIO2;ATP1B1;ESR1;MTOR;RCAN1;PLCB4;PIK3CA;TBC1D4;RHEB;RCAN2;MDM2;RAF1;PLCB1;TP53"
"Central carbon metabolism in cancer","27/70",0.00024514622119328,0.00112625147997492,0,0,2.53144319909818,21.045547192166,"PTEN;PIK3CD;PIK3R3;PIK3R1;SLC1A5;HIF1A;EGFR;GLS;LDHA;NRAS;MYC;AKT3;HRAS;MAPK3;PDGFRB;PDGFRA;G6PD;MAP2K1;IDH2;MTOR;SLC7A5;PKM;PIK3CA;RAF1;MET;TP53;FGFR2"
"Tight junction","53/169",0.000278010592944225,0.00125899082804742,0,0,1.84569951364851,15.1123132376953,"ITGB1;PRKAG2;MYL6B;YBX3;ACTB;ACTG1;AMOT;TUBA1C;TUBA1B;TUBA1A;RAC1;BVES;PRKACB;MAP3K5;MAGI1;ACTR3;ACTR2;ACTN1;PRKCE;ACTN4;TUBA4A;RUNX1;CLDN11;MYL6;MYH9;ARHGEF2;MYL9;LLGL1;PRKAA1;PCNA;ROCK1;ROCK2;NEDD4L;PARD6G;MYL12A;MYL12B;PPP2CB;WHAMM;MPDZ;MYH10;VASP;JUN;MPP4;ARPC4;ARPC5;MAPK10;TJP1;DLG3;ARPC3;CDK4;AMOTL2;NF2;TJP2"
"Acute myeloid leukemia","26/67",0.000283262407518616,0.00126470680540002,0,0,2.55627239260782,20.8825390135899,"PIK3CD;PIK3R3;PIK3R1;RELA;IKBKB;NRAS;MYC;AKT3;PIM1;HRAS;MAPK3;RUNX1T1;STAT5A;STAT5B;MAP2K1;TCF7L1;CHUK;ZBTB16;STAT3;MTOR;RUNX1;CCNA2;PER2;PIK3CA;RAF1;SOS2"
"Cysteine and methionine metabolism","21/50",0.0003015364159126,0.00132759783117075,0,0,2.91754387489895,23.6514188462592,"MPST;AHCYL2;BHMT2;GSS;AMD1;DNMT3A;MAT2B;SDSL;SRM;IL4I1;LDHA;TST;CBS;ADI1;PSAT1;CTH;DNMT3B;PHGDH;CDO1;GCLM;BCAT2"
"Phosphatidylinositol signaling system","34/97",0.000358620586627253,0.0015572976159019,0,0,2.17688336504725,17.2697503559465,"DGKB;INPP1;MTMR14;ITPR1;PTEN;ITPR2;PIK3R3;PIK3CD;PIK3R1;PIK3C2A;MTMR7;INPP5A;PPIP5K1;IMPA1;IMPA2;INPP5D;PLCG2;PLCE1;PIP5K1A;CDIPT;SACM1L;IPMK;ITPK1;SYNJ2;ITPKB;PLCB4;SYNJ1;PIK3CA;PIK3C3;PI4KB;CALM1;PLCB1;DGKH;CDS2"
"Hypertrophic cardiomyopathy","32/90",0.000394594781716575,0.00169035872708317,0,0,2.22502702137303,17.4389856789516,"ITGB1;PRKAA1;LAMA2;ATP2A2;PRKAG2;CACNA1C;ACTB;SLC8A1;ACTG1;SGCD;SGCB;DAG1;ITGB8;DMD;TGFB2;ITGA4;TPM4;ITGA3;TPM3;ITGA2;TPM2;ITGA1;TPM1;CACNA2D3;IGF1;AGT;CACNB2;ITGA10;ITGA11;ITGA8;ITGA7;ITGA6"
"TGF-beta signaling pathway","33/94",0.000420739552123214,0.00177832584030745,0,0,2.18185322583988,16.9606285384148,"ROCK1;CUL1;ACVR1B;LTBP1;THBS1;THSD4;PPP2CB;ACVR1C;MYC;E2F4;NEO1;MAPK3;TGIF1;SMAD1;CDKN2B;TGFB2;TGIF2;SMAD3;FST;SMAD9;INHBB;INHBA;RGMB;GDF5;BMP6;TGFBR2;GDF7;INHBE;GREM1;GREM2;TFDP1;BMPR1B;NBL1"
"Adipocytokine signaling pathway","26/69",0.00048559343197581,0.00202543576232016,0,0,2.43707077703298,18.5951884011624,"PRKAA1;IRS1;PRKAG2;IRS2;ADIPOR1;ACACB;ADIPOR2;RELA;CAMKK2;IKBKB;AKT3;JAK2;CPT1A;CHUK;ACSL1;STAT3;ACSL4;PTPN11;ACSL3;TNFRSF1B;MTOR;MAPK10;NFKBIA;LEP;PPARA;NFKBIB"
"Apelin signaling pathway","44/137",0.000500313712759249,0.00203332624288054,0,0,1.90962725468385,14.5136927237821,"NOTCH3;HDAC5;PRKAA1;ITPR1;ADCY4;ITPR2;PRKAG2;ADCY3;ADCY1;ADCY8;SLC8A1;GNAI1;LIPE;NRAS;GNG2;RRAS;GNG5;AKT3;PRKACB;HRAS;MEF2D;MAPK3;MEF2A;GABARAPL2;GABARAPL1;MAP2K1;MEF2C;JAG1;SMAD3;PRKCE;SPHK1;RRAS2;GNG11;MTOR;ACTA2;PLCB4;GNAQ;GNB2;CAMK4;GNB4;PIK3C3;RAF1;CALM1;PLCB1"
"Insulin signaling pathway","44/137",0.000500313712759249,0.00203332624288054,0,0,1.90962725468385,14.5136927237821,"PYGB;PRKAA1;SHC3;IRS1;PIK3R3;PIK3CD;PRKAG2;CBLB;IRS2;PIK3R1;CBL;ELK1;ACACB;FOXO1;PPP1CB;IKBKB;LIPE;NRAS;INPP5A;SOCS1;PRKAR2B;AKT3;FLOT2;PRKACB;HRAS;MAPK3;SREBF1;MAP2K1;EXOC7;INSR;PHKA1;SORBS1;MTOR;PPP1CA;MAPK10;PPP1R3C;PIK3CA;PRKAR1A;RHEB;RAF1;CALM1;EIF4E2;CRK;SOS2"
"VEGF signaling pathway","23/59",0.000577458624186091,0.00231714409958216,0,0,2.5742468824436,19.1958340412097,"MAP2K1;SPHK1;PLA2G4C;PXN;HSPB1;PIK3CD;PLA2G4A;PIK3R3;PIK3R1;PTGS2;MAPK14;VEGFA;MAPK11;NRAS;PIK3CA;AKT3;MAPKAPK2;PLCG2;RAC3;RAC1;RAF1;HRAS;MAPK3"
"Adrenergic signaling in cardiomyocytes","47/150",0.000609116183349166,0.00239440865981351,0,0,1.84203161683373,13.6374838957356,"CAMK2D;CAMK2A;ADCY4;ATP2A2;ADCY3;ATP1A2;CACNA1C;ADCY1;ATP1A1;ADRA1B;ADCY8;SLC8A1;GNAI1;PPP1CB;PPP2CB;RPS6KA5;CREB3L1;AKT3;CREB3L2;SCN7A;SCN5A;PRKACB;SCN1B;MAPK3;TPM4;TPM3;TPM2;TPM1;CACNA2D3;ATP2B1;PPP2R3A;ATP1B1;MAPK14;AGT;PPP1CA;CACNB2;MAPK11;CREB1;PLCB4;GNAQ;BCL2;CALM1;PLCB1;SCN4B;ATF4;CREB5;RAPGEF4"
"Wnt signaling pathway","51/166",0.000611820509289888,0.00239440865981351,0,0,1.79069695530695,13.2494949932781,"CCND3;CCND2;MYC;RSPO2;RAC3;RAC1;RSPO1;PRKACB;TLE3;TLE2;TLE1;MMP7;WNT5A;AXIN2;DKK1;DKK2;SFRP4;SFRP1;SFRP2;PLCB4;DAAM1;DAAM2;TBL1XR1;ROR1;PLCB1;TP53;CAMK2D;CTBP1;ROCK2;CAMK2A;CUL1;PRICKLE2;PSEN1;NKD1;LRP6;NKD2;DVL2;GPC4;WNT2;JUN;TCF7L1;SMAD3;FZD5;FZD4;FZD7;FZD6;FZD8;NFATC4;MAPK10;LGR5;LGR4"
"Epithelial cell signaling in Helicobacter pylori infection","26/70",0.000627676272437097,0.00242650461417756,0,0,2.3815336606856,17.5602051393081,"ATP6V1A;TCIRG1;EGFR;RELA;IKBKB;CASP3;ATP6V0A2;PLCG2;RAC1;ATP6V1E1;GIT1;ATP6V0A1;ATP6V0B;JUN;ATP6V0E1;CHUK;PTPN11;MAPK14;MAPK10;NFKBIA;TJP1;MAPK11;ADAM17;ATP6V0D1;MET;MAP3K14"
"Signaling pathways regulating pluripotency of stem cells","45/143",0.000709900384950899,0.00271130628951126,0,0,1.85327136180366,13.4369325517152,"PIK3R3;PIK3CD;PIK3R1;ACVR1B;IGF1R;NRAS;ACVR1C;MYC;AKT3;DVL2;JAK2;JARID2;WNT2;HRAS;MAPK3;SMAD1;MAP2K1;SMAD3;FZD5;FZD4;PCGF5;FZD7;PCGF2;WNT5A;FZD6;STAT3;LIF;FZD8;SMAD9;LIFR;INHBB;IGF1;INHBA;AXIN2;KLF4;MAPK14;TBX3;INHBE;MAPK11;PIK3CA;TCF3;RAF1;BMPR1B;FGFR4;FGFR2"
"Long-term potentiation","25/67",0.000732163266455861,0.00276304470793462,0,0,2.39867584682119,17.3172571322604,"GRIA1;CAMK2D;CAMK2A;ITPR1;ITPR2;ADCY1;CACNA1C;ADCY8;PPP1CB;RAP1B;GRIN2A;NRAS;RPS6KA2;HRAS;PRKACB;MAPK3;MAP2K1;PPP1CA;PLCB4;CAMK4;GNAQ;PLCB1;RAF1;CALM1;ATF4"
"Toxoplasmosis","37/112",0.000748009811592737,0.00278963659146939,0,0,1.98994009955286,14.3237768122398,"ITGB1;CD40;LAMA2;LAMA3;LY96;LAMC2;LAMC1;GNAI1;RELA;IKBKB;SOCS1;CASP3;AKT3;IL12A;JAK2;LDLR;MAP2K6;MAPK3;MAP2K3;HSPA8;TGFB2;CHUK;LAMB3;IFNGR1;STAT1;HSPA6;STAT3;LAMB1;HSPA2;MAPK14;NFKBIA;MAPK10;MAPK11;PPIF;BCL2;ITGA6;NFKBIB"
"Gastric cancer","46/149",0.000982002902173932,0.0036197083719667,0,0,1.80238211346071,12.4831476480707,"RB1;CDKN1A;ABCB1;SHC3;PIK3R3;PIK3CD;PIK3R1;FGF1;EGFR;LRP6;NRAS;MYC;AKT3;DVL2;WNT2;HRAS;FGF22;MAPK3;MAP2K1;TGFB2;CDKN2B;TCF7L1;SMAD3;FZD5;GADD45B;FZD4;HGF;FZD7;WNT5A;FZD6;GAB1;FZD8;AXIN2;MLH1;MTOR;GADD45G;DDB2;TGFBR2;PIK3CA;BCL2;RAF1;TP53;MET;SOS2;FGFR2;FGF10"
"p53 signaling pathway","26/73",0.00129250789862798,0.00467708163747446,0,0,2.22910200092367,14.8261382289906,"CDKN1A;CD82;GORAB;PTEN;PPM1D;THBS1;BBC3;CCND3;CCND2;SESN3;AIFM2;ZMAT3;CASP3;SESN2;GADD45B;CDKN2A;TNFRSF10B;IGF1;DDB2;GADD45G;CDK6;TP53I3;CDK4;BCL2;MDM2;TP53"
"Hippo signaling pathway","49/163",0.0013069286702816,0.00467708163747446,0,0,1.73479331738842,11.5191584672665,"WWC1;FGF1;ACTB;ACTG1;AMOT;BBC3;GLI2;PPP1CB;CCND3;RASSF1;CCND2;RASSF2;MYC;TEAD1;TEAD2;TEAD3;TEAD4;WNT5A;AXIN2;TGFBR2;LLGL1;YAP1;PARD6G;NKD1;NKD2;PPP2CB;DVL2;WNT2;SMAD1;TGFB2;TCF7L1;SMAD3;FZD5;FZD4;FZD7;FZD6;FZD8;WTIP;GDF5;BMP6;GDF7;PPP1CA;MOB1A;DLG3;DLG4;DCHS1;FAT4;NF2;BMPR1B"
"Ferroptosis","17/41",0.00131740683121902,0.00467708163747446,0,0,2.85188449592882,18.9139546363137,"PRNP;GPX4;ACSL1;GSS;SLC11A2;ACSL4;SLC7A11;ACSL3;SAT1;MAP1LC3A;MAP1LC3C;LPCAT3;HMOX1;VDAC2;GCLM;TP53;FTL"
"Cushing syndrome","47/155",0.00132787806742177,0.00467708163747446,0,0,1.75620024998355,11.6333743643138,"RB1;SCARB1;CDKN1A;CAMK2D;FH;KMT2A;CAMK2A;ITPR1;ADCY4;ITPR2;ADCY3;CACNA1C;ADCY1;ADCY8;EGFR;GNAI1;CACNA1G;RAP1B;CREB3L1;CREB3L2;DVL2;PRKACB;WNT2;LDLR;MAPK3;MAP2K1;CDKN2B;TCF7L1;FZD5;FZD4;CDKN2A;FZD7;WNT5A;FZD6;FZD8;AXIN2;AGT;NR4A1;CDK6;NCEH1;CREB1;PLCB4;CDK4;GNAQ;PLCB1;ATF4;CREB5"
"Circadian entrainment","32/97",0.00168675400495119,0.00587583537988491,0,0,1.9845376059734,12.6711720062199,"GRIA1;CAMK2D;CAMK2A;ITPR1;ADCY4;ADCY3;CACNA1C;ADCY1;ADCY8;GNAI1;CACNA1G;GRIN2A;RPS6KA5;GNG2;GNG5;PRKG2;PRKACB;GRIA3;PRKG1;MAPK3;GUCY1A2;GNG11;PER2;PER1;CREB1;PLCB4;PER3;GNAQ;GNB2;GNB4;CALM1;PLCB1"
"Human T-cell leukemia virus 1 infection","62/219",0.00175678311300539,0.00605326355242074,0,0,1.59480646741793,10.1178842927614,"RB1;CD40;CDKN1A;PTEN;PIK3CD;ELK1;IKBKB;CCND3;ZFP36;CCND2;CREB3L1;MYC;AKT3;CREB3L2;PRKACB;HRAS;MAP2K1;MMP7;MSX2;CHUK;HLA-B;HLA-A;HLA-E;TGFBR2;CCNA2;CREB1;PIK3CA;VDAC2;TLN2;TLN1;TP53;SLC25A4;ATF4;CREB5;SRF;ADCY4;PIK3R3;ADCY3;PIK3R1;ADCY1;ADCY8;RELA;NRAS;MAPK3;STAT5A;STAT5B;MAP3K3;EGR2;JUN;CDKN2B;TGFB2;RANBP3;SMAD3;CDKN2A;NFYB;NFATC4;NFKBIA;MAPK10;CDK4;TCF3;LTBR;MAP3K14"
"Estrogen signaling pathway","42/137",0.00184381870668581,0.00628484440881078,0,0,1.78332221836903,11.2276477329502,"SHC3;HSP90AB1;ITPR1;ADCY4;ITPR2;PIK3R3;PIK3CD;ADCY3;PIK3R1;ADCY1;ADCY8;EGFR;GNAI1;NRAS;CREB3L1;GPER1;AKT3;CREB3L2;PRKACB;HRAS;MAPK3;HSPA8;MAP2K1;JUN;HSP90AA1;MMP2;NCOA3;HSPA6;HSPA2;ESR1;CREB1;PLCB4;PIK3CA;GNAQ;BCL2;RAF1;CALM1;PLCB1;SOS2;ATF4;FKBP5;CREB5"
"Long-term depression","22/60",0.00193337883389882,0.00652001159942474,0,0,2.33184701542055,14.5705136995576,"GRIA1;GUCY1A2;MAP2K1;PLA2G4C;ITPR1;PLA2G4A;ITPR2;IGF1;GNAI1;IGF1R;PPP2CB;NRAS;PLCB4;GNAQ;GNA12;PRKG2;PLCB1;RAF1;HRAS;PRKG1;GRIA3;MAPK3"
"cAMP signaling pathway","61/216",0.00202738035046965,0.0067650481168303,0,0,1.58912573827185,9.85418584499923,"CHRM2;OXTR;ATP2A2;PIK3CD;GLI3;PPP1CB;LIPE;EDNRA;CREB3L1;AKT3;CREB3L2;ADORA1;PLCE1;RAC3;SOX9;RAC1;PRKACB;ABCC4;MAP2K1;PPP1R12A;RRAS2;ARAP3;ATP1B1;CREB1;PIK3CA;PPARA;RAF1;MYL9;RAPGEF4;CREB5;GRIA1;CAMK2D;ROCK1;NPR1;ROCK2;CAMK2A;ADCY4;PIK3R3;ADCY3;ATP1A2;PIK3R1;ADCY1;CACNA1C;ATP1A1;ADCY8;PLD1;GNAI1;RELA;RAP1B;GRIN2A;RRAS;GRIA3;MAPK3;JUN;ATP2B1;PPP1CA;NFKBIA;MAPK10;CAMK4;PPP1R1B;CALM1"
"Amoebiasis","33/102",0.00207226681815421,0.00684279772244673,0,0,1.92791733084153,11.9128174796115,"RAB5C;LAMA2;LAMA3;PIK3R3;HSPB1;PIK3CD;LAMC2;PIK3R1;LAMC1;ADCY1;RELA;CASP3;IL12A;PRKACB;TGFB2;LAMB3;ACTN1;SERPINB9;LAMB1;ACTN4;COL1A1;COL3A1;COL1A2;PLCB4;COL4A2;PIK3CA;COL4A1;COL4A4;GNAQ;COL4A3;COL4A5;PLCB1;VCL"
"Parathyroid hormone synthesis, secretion and action","34/106",0.00210380358713283,0.0068753168775372,0,0,1.90369808351599,11.7344108647529,"CDKN1A;ITPR1;ADCY4;ITPR2;ADCY3;ADCY1;PLD1;ADCY8;EGFR;GNAI1;LRP6;AKAP13;CREB3L1;CREB3L2;GNA12;PRKACB;MEF2D;MAPK3;MEF2A;MAP2K1;MEF2C;JUND;MAFB;CREB1;PLCB4;CYP24A1;MMP15;GNAQ;BCL2;ARHGEF1;RAF1;PLCB1;ATF4;CREB5"
"Chemokine signaling pathway","55/192",0.00232597974310354,0.00752383243432473,0,0,1.62043610030047,9.82569891664925,"PIK3CD;CXCL16;IKBKB;PREX1;AKT3;RAC3;RAC1;JAK2;PRKACB;HRAS;MAP2K1;CHUK;PLCB4;PIK3CA;ELMO1;RAF1;PLCB1;CRK;SOS2;SHC3;CCL11;ROCK1;ROCK2;PXN;ADCY4;PIK3R3;ADCY3;PIK3R1;ADCY1;FOXO3;RASGRP2;ADCY8;GNAI1;RELA;RAP1B;NRAS;CCL8;GNG2;GRK5;CCL7;GNG5;PLCG2;PTK2B;MAPK3;CCR1;STAT5B;STAT1;STAT3;GNG11;NFKBIA;CXCL12;GNAQ;GNB2;GNB4;NFKBIB"
"Fatty acid degradation","17/43",0.00243993875549971,0.00781273318680211,0,0,2.63217945489414,15.8346186809817,"GCDH;CPT1A;ADH1C;ADH1B;ACSL1;ADH1A;ECI1;ECI2;ACSL4;ACSL3;ACADSB;ADH5;ADH6;ALDH3A2;ALDH1B1;ALDH2;ACADS"
"Pathogenic Escherichia coli infection","56/197",0.00257363427498337,0.00815842065169728,0,0,1.6030966140704,9.55836138677233,"CYFIP2;ITGB1;NCKAP1;ARF1;WASL;ACTB;ACTG1;IKBKB;TUBA1C;TUBA1B;TUBA1A;CASP3;TNFSF10;CASP1;RAC1;ACTR3;ACTR2;ARHGEF12;CHUK;TUBB;TUBA4A;CLDN11;MYH9;ARHGEF1;TMBIM6;ARHGEF2;ARF6;ROCK1;ROCK2;LPAR1;RELA;CYTH3;GNA12;PAK3;ABCF2;WASF1;MYH10;WASF2;WASF3;MAPK3;JUN;SEC24B;TNFRSF10B;ARPC4;PTPN11;ARPC5;MAPK14;TJP1;NFKBIA;MAPK10;MAPK11;MYO1E;FCGR2A;MYO1C;ARPC3;NFKBIB"
"Cortisol synthesis and secretion","23/65",0.00264068452571935,0.00828808905597063,0,0,2.2056686482916,13.094430793132,"SCARB1;ADCY4;ITPR1;ADCY3;ITPR2;NR0B1;ADCY1;CACNA1C;ADCY8;AGT;CACNA1G;NR4A1;CREB1;PLCB4;NCEH1;CREB3L1;GNAQ;CREB3L2;PLCB1;PRKACB;LDLR;ATF4;CREB5"
"Calcium signaling pathway","66/240",0.002795772311552,0.00868882179178417,0,0,1.53174840422726,9.00613974357153,"CHRM2;OXTR;ATP2A2;HTR2A;FGF1;ADRA1B;SLC8A1;EDNRA;EDNRB;CCKAR;BDKRB2;PLCE1;BDKRB1;PRKACB;PDGFRB;PDGFRA;CAMK1D;SPHK1;HGF;PHKA1;NGF;ITPKB;PLCB4;STIM1;ASPH;STIM2;ORAI2;PPIF;VDAC2;PLCB1;MET;SLC25A4;PTGFR;CAMK2D;PDE1A;CAMK2A;ADCY4;ITPR1;ADCY3;ITPR2;ADCY1;CACNA1C;ADCY8;EGFR;CACNA1G;GRIN2A;HRH1;TBXA2R;PDGFC;PLCG2;PTK2B;FGF22;VEGFC;ATP2B1;TPCN2;VEGFA;TPCN1;P2RX7;P2RX6;GDNF;CAMK4;GNAQ;CALM1;FGFR4;FGFR2;FGF10"
"Arrhythmogenic right ventricular cardiomyopathy","26/77",0.00306084678685254,0.00942027603332285,0,0,2.05375577792955,11.8893229683971,"ITGB1;LAMA2;ATP2A2;CACNA1C;ACTB;SLC8A1;ACTG1;SGCD;SGCB;DAG1;ITGB8;DMD;DSP;TCF7L1;ITGA4;ITGA3;ITGA2;ITGA1;CACNA2D3;CACNB2;ITGA10;ITGA11;ITGA8;PKP2;ITGA7;ITGA6"
"Viral carcinogenesis","57/203",0.00319023108785521,0.00972406975817405,0,0,1.57574669905179,9.05685930318175,"RB1;CDKN1A;DDX3X;PIK3CD;CHD4;RBPJ;CCND3;CCND2;CREB3L1;CASP3;CREB3L2;RAC1;SKP2;PRKACB;HRAS;ACTN1;HLA-B;ACTN4;HLA-A;HLA-E;CCNA2;RBL2;CREB1;PKM;PIK3CA;TRAF3;MAPKAPK2;ATP6V0D1;TP53;ATF4;CREB5;HDAC5;HDAC2;SRF;PXN;PIK3R3;PIK3R1;HDAC9;RELA;HDAC7;NRAS;MAPK3;STAT5A;STAT5B;EGR2;JUN;CDKN2B;EGR3;GSN;CDKN2A;STAT3;GTF2H1;NFKBIA;CDK6;CDK4;MDM2;LTBR"
"Aldosterone-regulated sodium reabsorption","15/37",0.0032420763325945,0.00978798283269006,0,0,2.74409079468229,15.7278697509578,"IRS1;INSR;NEDD4L;PIK3CD;PIK3R3;ATP1A2;ATP1A1;PIK3R1;IGF1;ATP1B1;NR3C2;HSD11B2;PIK3CA;SGK1;MAPK3"
"Valine, leucine and isoleucine degradation","18/48",0.00364318593267675,0.0108951881194201,0,0,2.41541561712846,13.5623092355125,"MCCC2;HIBADH;HMGCS1;MCCC1;ABAT;ACADSB;ALDH3A2;IL4I1;MCEE;ALDH6A1;ALDH1B1;ALDH2;OXCT1;IVD;PCCB;AOX1;ACADS;BCAT2"
"Adherens junction","24/71",0.00426525192573616,0.0126363071070875,0,0,2.0565944564914,11.2233583890848,"FARP2;TCF7L1;SMAD3;ACTN1;INSR;PTPRM;PTPRJ;WASL;ACTN4;SORBS1;ACTB;EGFR;ACTG1;IGF1R;TGFBR2;TJP1;RAC3;RAC1;WASF1;MET;WASF2;VCL;WASF3;MAPK3"
"Epstein-Barr virus infection","56/202",0.00462410200946306,0.013572595712961,0,0,1.54770830139773,8.32121202896874,"RB1;CD40;CDKN1A;PIK3CD;TNFAIP3;RBPJ;PSMD8;IKBKB;CCND3;PSMD7;CCND2;MYC;CASP3;AKT3;BLNK;RAC1;SKP2;MAP2K3;ENTPD1;CHUK;HLA-B;HLA-A;HLA-E;DDB2;SAP30;CCNA2;PIK3CA;TRAF3;OAS3;TP53;HDAC2;PIK3R3;PIK3R1;RELA;BCL2L11;SAP30L;PLCG2;MAP2K6;JUN;GADD45B;STAT1;STAT3;MAPK14;GADD45G;NFKBIA;MAPK10;MAPK11;PSMC5;MAVS;CDK6;CDK4;BCL2;MDM2;VIM;MAP3K14;NFKBIB"
"Fc epsilon RI signaling pathway","23/68",0.00503928844963876,0.014655545307665,0,0,2.0582373546308,10.8890849398533,"MAP2K3;MAP2K1;PLA2G4C;PIK3CD;PLA2G4A;PIK3R3;GAB2;PIK3R1;MAPK14;MAPK10;MAPK11;NRAS;PIK3CA;INPP5D;AKT3;PLCG2;RAC3;RAC1;RAF1;HRAS;SOS2;MAP2K6;MAPK3"
"Arginine and proline metabolism","18/50",0.00600166186403049,0.0171398811792582,0,0,2.26416876574307,11.5828508815126,"GAMT;MAOB;MAOA;SMOX;AMD1;PYCR1;PYCR2;SAT1;SRM;ALDH3A2;CKMT2;ALDH4A1;ALDH2;ALDH1B1;P4HA2;CKB;ALDH18A1;PRODH"
"Vibrio cholerae infection","18/50",0.00600166186403049,0.0171398811792582,0,0,2.26416876574307,11.5828508815126,"ATP6V1A;ARF1;ATP6V0B;ATP6V0E1;ADCY3;TCIRG1;ACTB;ACTG1;SEC61A2;TJP1;SEC61A1;ATP6V0A2;PLCG2;ATP6V1E1;ATP6V0D1;PRKACB;ATP6V0A1;TJP2"
"Pyruvate metabolism","17/47",0.00708039768574769,0.0200400541641252,0,0,2.28065138923865,11.2901941155192,"FH;ADH1C;ADH1B;ADH1A;ACOT12;ACACB;ADH5;ADH6;ALDH3A2;LDHA;PKM;ALDH1B1;ALDH2;ME1;ME3;DLAT;ACSS1"
"Glutamatergic synapse","34/114",0.00754920413037995,0.0208901779914365,0,0,1.71246838644411,8.36765676905038,"GRIA1;GRIK5;SLC1A1;ITPR1;ADCY4;ITPR2;GRIK4;ADCY3;GRIK1;CACNA1C;ADCY1;PLD1;ADCY8;SLC1A7;GNAI1;GLS;GRIN2A;GNG2;GNG5;GLUL;PRKACB;SLC38A2;GRIA3;MAPK3;SLC38A1;PLA2G4C;PLA2G4A;GNG11;PLCB4;DLG4;GNAQ;GNB2;GNB4;PLCB1"
"Leukocyte transendothelial migration","34/114",0.00754920413037995,0.0208901779914365,0,0,1.71246838644411,8.36765676905038,"ITGB1;ROCK1;ROCK2;PXN;PIK3R3;PIK3CD;PIK3R1;THY1;ACTB;MYL12A;GNAI1;ACTG1;MYL12B;RAP1B;PLCG2;PTK2B;RAC1;VASP;VCAM1;ITGA4;ACTN1;MMP2;CYBA;PTPN11;ACTN4;MAPK14;CLDN11;MAPK11;CXCL12;PIK3CA;MYL9;VCL;SIPA1;RAPGEF4"
"Ovarian steroidogenesis","18/51",0.0075784557382183,0.0208901779914365,0,0,2.19542019693153,10.719020182424,"SCARB1;INSR;PLA2G4C;ADCY4;AKR1C3;PLA2G4A;ADCY3;ADCY1;IGF1;ADCY8;PTGS2;CYP19A1;BMP6;IGF1R;ACOT2;ACOT1;PRKACB;LDLR"
"Osteoclast differentiation","37/127",0.00827567721593502,0.0226154282538914,0,0,1.65672262999522,7.94304817109811,"CSF1;FHL2;PIK3R3;PIK3CD;TNFRSF11B;PIK3R1;RELA;IKBKB;SOCS1;AKT3;PLCG2;BLNK;ACP5;RAC1;MAP2K6;MAPK3;MAP2K1;JUN;TGFB2;JUND;CHUK;IFNGR1;STAT1;CYBA;GAB2;MAPK14;TGFBR2;NFKBIA;MAPK10;MAPK11;CREB1;FCGR2A;PIK3CA;CAMK4;PPARG;SQSTM1;MAP3K14"
"Alanine, aspartate and glutamate metabolism","14/37",0.00897298560923887,0.0243114225481087,0,0,2.44902737358045,11.5435806849729,"GFPT2;GPT2;ASNS;ABAT;ASS1;GLS;ALDH4A1;IL4I1;GLUD1;GLUD2;ASL;GLUL;RIMKLB;NIT2"
"Mineral absorption","20/60",0.0102195933443001,0.0274543312723995,0,0,2.01260080645161,9.224652117611,"SLC31A1;MT1M;SLC11A2;CYBRD1;MT1X;ATP1A2;ATP1A1;ATP2B1;ATP1B1;SLC8A1;MT2A;HEPH;TRPV6;HMOX1;ATP7A;STEAP1;STEAP2;SLC26A6;FTL;MT1E"
"Mitophagy","22/68",0.0106679868636555,0.0284180826536032,0,0,1.92534368216799,8.74203820688015,"BNIP3L;GABARAPL2;GABARAPL1;JUN;CALCOCO2;CITED2;ATG9A;TFEB;RRAS2;FOXO3;HIF1A;RELA;MAPK10;NRAS;PINK1;RRAS;UBB;USP30;HRAS;SQSTM1;TP53;ATF4"
"Lipid and atherosclerosis","57/215",0.0114715490479131,0.0303040087349037,0,0,1.45496845908375,6.50063219733311,"CD40;HSP90AB1;PIK3CD;IKBKB;CASP3;AKT3;TNFSF10;CASP1;IL12A;RAC1;JAK2;HRAS;MAP3K5;MAP2K3;HSP90AA1;CHUK;CYBA;TICAM1;PLCB4;PIK3CA;TRAF3;DDIT3;ARHGEF1;PPARG;PLCB1;TP53;ATF4;CAMK2D;ROCK2;CAMK2A;ITPR1;PIK3R3;LY96;PIK3R1;TANK;RELA;RAP1B;NRAS;APOB;LDLR;MAP2K6;MAPK3;HSPA8;JUN;VCAM1;STAT3;HSPA6;TNFRSF10B;HSPA2;POU2F2;MAPK14;SOD2;NFKBIA;MAPK10;MAPK11;BCL2;CALM1"
"Melanogenesis","30/101",0.0122868872860102,0.0321131260326415,0,0,1.70177711036304,7.48649642545222,"CAMK2D;CAMK2A;ADCY4;ADCY3;ADCY1;ADCY8;GNAI1;NRAS;EDNRB;CREB3L1;CREB3L2;DVL2;PRKACB;WNT2;HRAS;MAPK3;MAP2K1;TCF7L1;FZD5;FZD4;FZD7;WNT5A;FZD6;FZD8;CREB1;PLCB4;GNAQ;RAF1;CALM1;PLCB1"
"Circadian rhythm","12/31",0.0123589948769157,0.0321131260326415,0,0,2.54045324579053,11.1611540002592,"PER2;PER1;PRKAA1;CREB1;PER3;BHLHE40;CUL1;PRKAG2;RORA;FBXL3;NPAS2;ARNTL"
"Type II diabetes mellitus","16/46",0.0133257587727987,0.0343436222030667,0,0,2.14595501846257,9.26635473077183,"IRS1;INSR;PRKCE;PIK3CD;PIK3R3;IRS2;CACNA1C;PIK3R1;MTOR;CACNA1G;IKBKB;MAPK10;SOCS1;PKM;PIK3CA;MAPK3"
"Dopaminergic synapse","37/132",0.0156252732156229,0.0399452549141327,0,0,1.56903382221689,6.52540078486547,"GRIA1;CAMK2D;MAOB;MAOA;CAMK2A;ITPR1;ITPR2;CACNA1C;GNAI1;ARNTL;PPP1CB;PPP2CB;GRIN2A;GNG2;GNG5;CREB3L1;KIF5B;AKT3;CREB3L2;PRKACB;GRIA3;PPP2R3A;MAPK14;GNG11;PPP1CA;MAPK10;MAPK11;CREB1;PLCB4;GNAQ;GNB2;PPP1R1B;GNB4;CALM1;PLCB1;ATF4;CREB5"
"Lysosome","36/128",0.0160524439308052,0.040708997808522,0,0,1.5763069882063,6.51313365653767,"GBA;CLTB;ABCB9;TCIRG1;LITAF;CTSS;AP4M1;AP3M2;GGA2;LAPTM4A;GNPTAB;GM2A;CLTCL1;NEU1;AP1S2;ATP6V0A2;SLC17A5;ACP5;ACP2;ARSG;CTSC;AP1M1;ATP6V0A1;CTSA;ATP6V0B;MANBA;ENTPD4;SORT1;SLC11A2;FUCA2;PLA2G15;GALC;NPC1;TPP1;ATP6V0D1;LGMN"
"Protein processing in endoplasmic reticulum","46/171",0.0165618930197658,0.0416676197402044,0,0,1.48310908168442,6.08171247755066,"TRAM1;HSP90AB1;SAR1A;SAR1B;HSPA4L;RPN1;CUL1;DERL1;UBE2J1;HERPUD1;SEC61A2;DNAJB2;SEC61A1;DNAJB1;MAN1C1;UBQLN1;MAN1A1;CAPN1;MAP3K5;SEC31A;EDEM3;BCAP31;HSPA8;HSP90AA1;SEC24B;WFS1;EDEM1;HSPA6;SSR3;DNAJB12;SYVN1;MOGS;YOD1;HSPA2;RAD23B;CKAP4;DNAJC3;DNAJA1;MAPK10;NPLOC4;DDIT3;BCL2;PREB;STT3B;CRYAB;ATF4"
"Glycine, serine and threonine metabolism","14/40",0.018826219546197,0.0469914298909013,0,0,2.16604080368549,8.60460732515603,"GAMT;ALAS1;MAOB;MAOA;SHMT2;SHMT1;BPGM;SDSL;GCAT;CBS;PSAT1;CHDH;CTH;PHGDH"
"MicroRNAs in cancer","77/310",0.01961843471359,0.0485862797203753,0,0,1.33329565668748,5.24156602657204,"CDKN1A;IRS1;TNC;PTEN;PIK3CD;IRS2;BRCA1;GLS;IKBKB;RASSF1;RPS6KA5;CCND2;PLAU;MYC;CASP3;PIM1;DNMT3B;TIMP3;HRAS;SOX4;PDGFRB;PDGFRA;MAP2K1;ABCC1;PRKCE;TPM1;DNMT3A;CDC25B;FOXP1;ZEB2;ZEB1;PIK3CA;DDIT4;FSCN1;ZFPM2;RAF1;TP53;CRK;MET;SOS2;NOTCH3;HDAC5;HDAC2;ABCB1;TNXB;NOTCH1;ROCK1;PIK3R3;PIK3R1;PTGS2;EFNA4;THBS1;EGFR;NRAS;BCL2L11;SOCS1;MAPK7;PLCG2;HMOX1;BMF;MCL1;MAPK3;TGFB2;CDKN2A;STAT3;MTOR;VEGFA;MARCKS;CDK6;CYP24A1;BCL2;MDM2;PDCD4;SPRY2;VIM;BCL2L2;EZH2"
"Thyroid cancer","13/37",0.022420009288408,0.0550941313521343,0,0,2.17865828092243,8.27411157190823,"CDKN1A;MAP2K1;TCF7L1;GADD45B;TPM3;DDB2;GADD45G;NRAS;MYC;PPARG;HRAS;TP53;MAPK3"
"ABC transporters","15/45",0.0242359442036918,0.0590984177890022,0,0,2.01132645356154,7.48197038379757,"ABCC3;ABCC4;ABCC1;ABCB1;ABCA6;ABCB4;ABCC5;ABCB5;ABCA4;ABCC6;ABCA7;ABCC9;ABCB9;ABCA10;ABCB10"
"Amphetamine addiction","21/69",0.0249878502245217,0.0600284712309609,0,0,1.76058734560121,6.4954503239812,"GRIA1;CAMK2D;HDAC2;JUN;MAOB;MAOA;CAMK2A;CACNA1C;PPP1CA;PPP1CB;GRIN2A;CREB1;CREB3L1;CAMK4;CREB3L2;PPP1R1B;CALM1;PRKACB;GRIA3;ATF4;CREB5"
"beta-Alanine metabolism","11/30",0.0249960826576872,0.0600284712309609,0,0,2.32816325450286,8.58867843244036,"ALDH3A2;ALDH3A1;ALDH6A1;ALDH1B1;ALDH2;SMOX;ALDH3B1;GADL1;ABAT;MLYCD;ACADS"
"Glutathione metabolism","18/57",0.0252400094158229,0.0601585186828259,0,0,1.85696570432087,6.83238009540921,"GGT5;GSTM3;G6PD;GSTM2;GPX1;GPX4;GPX3;GSTO1;GSS;GSR;IDH2;GPX8;PRDX6;SRM;GSTA4;ANPEP;GCLM;GSTM5"
"Insulin secretion","25/86",0.0271742781527542,0.0642854192121125,0,0,1.64958240776362,5.94754365295456,"CAMK2D;CAMK2A;ADCY4;ADCY3;ATP1A2;ADCY1;ATP1A1;CACNA1C;ADCY8;CCKAR;CREB3L1;CREB3L2;PRKACB;TRPM4;CCK;ATP1B1;CREB1;PLCB4;GNAQ;KCNMA1;PLCB1;VAMP2;ATF4;CREB5;RAPGEF4"
"Human immunodeficiency virus 1 infection","54/212",0.0287616309264204,0.0675365703975946,0,0,1.37734003462189,4.88778454080685,"PIK3CD;IKBKB;TRIM5;CASP3;AKT3;CFL1;AP1S2;RAC3;RAC1;HRAS;MAP2K3;MAP2K1;CHUK;HLA-B;HLA-A;TNFRSF1B;HLA-E;PIK3CA;RAF1;CRK;PXN;CUL1;ITPR1;PIK3R3;ITPR2;PIK3R1;SAMHD1;GNAI1;RELA;NRAS;GNG2;GNG5;PLCG2;PTK2B;PAK3;AP1M1;MAP2K6;MAPK3;APOBEC3C;JUN;LIMK1;MAPK14;GNG11;MTOR;NFATC4;NFKBIA;MAPK10;MAPK11;WEE1;GNAQ;GNB2;BCL2;GNB4;CALM1"
"Sulfur metabolism","5/10",0.0323623865165073,0.0754329156303883,0,0,4.01883002761737,13.7876350383687,"MPST;SELENBP1;TST;ETHE1;PAPSS2"
"Spinocerebellar ataxia","38/143",0.0327216084319938,0.0757135027222047,0,0,1.45742254370102,4.98397645420608,"GRIA1;ITPR1;ITPR2;PIK3R3;ATP2A2;PIK3CD;RORA;PIK3R1;RBPJ;PSMA7;PSMD8;ATXN2;GRIN2A;PSMD7;ATXN1;AKT3;ATXN1L;CIC;GRIA3;MAP3K5;NFYA;KCND3;WIPI1;WIPI2;MTOR;PSMA5;MAPK10;PSMC5;FGF14;PLCB4;PIK3CA;GNAQ;PPIF;ULK2;VDAC2;PIK3C3;PLCB1;SLC25A4"
"Thyroid hormone synthesis","22/75",0.03324795387096,0.0763739230224226,0,0,1.67032036460861,5.68537307088452,"GPX1;GPX3;GSR;GPX8;ADCY4;ITPR1;ADCY3;ITPR2;ATP1A2;ADCY1;ATP1A1;ATP1B1;ADCY8;CREB1;PLCB4;CREB3L1;GNAQ;CREB3L2;PLCB1;PRKACB;ATF4;CREB5"
"HIF-1 signaling pathway","30/109",0.0345828389188753,0.0788687765272191,0,0,1.52867769810862,5.14307973914524,"CDKN1A;CAMK2D;PFKFB3;CAMK2A;PIK3R3;PIK3CD;PIK3R1;HIF1A;EGFR;RELA;IGF1R;LDHA;AKT3;PLCG2;HMOX1;TIMP1;IL6R;MAPK3;MAP2K1;ANGPT1;IFNGR1;INSR;STAT3;IGF1;MTOR;VEGFA;PIK3CA;BCL2;LTBR;EIF4E2"
"Basal cell carcinoma","19/63",0.0349377274317074,0.0791089971132231,0,0,1.7372821182345,5.82717086558846,"CDKN1A;TCF7L1;FZD5;GADD45B;FZD4;FZD7;WNT5A;FZD6;FZD8;AXIN2;GLI3;GLI2;DDB2;GADD45G;SMO;SUFU;DVL2;TP53;WNT2"
"Notch signaling pathway","18/59",0.0353270944742184,0.0794233258746613,0,0,1.76616084044971,5.9044612435642,"JAG2;TLE3;NOTCH3;TLE2;HDAC2;TLE1;NOTCH1;JAG1;CTBP1;PSEN1;RBPJ;DLL1;LFNG;DLL4;ADAM17;ATXN1;ATXN1L;DVL2"
"GnRH secretion","19/64",0.0406902197559791,0.090836617342573,0,0,1.69856946893984,5.4384245497394,"MAP2K1;ITPR1;PIK3CD;ITPR2;PIK3R3;CACNA1C;PIK3R1;CACNA1G;NRAS;PLCB4;PIK3CA;GPER1;GNAQ;AKT3;GNRH1;PLCB1;RAF1;HRAS;MAPK3"
"Chemical carcinogenesis","59/239",0.0412638826309043,0.0911779905482114,0,0,1.32078843924097,4.21036669106053,"RB1;HSP90AB1;PIK3CD;CCND3;CREB3L1;MYC;RPS6KA2;AKT3;CREB3L2;JAK2;PRKACB;HRAS;KPNA3;MAP2K1;HSP90AA1;GSTO1;CREB1;PIK3CA;PPARA;RAF1;SOS2;KPNB1;ATF4;CREB5;ADCY4;PIK3R3;ADCY3;PIK3R1;ADCY1;CACNA1C;ADCY8;PTGS2;DLL1;EGFR;GNAI1;RELA;CYP3A7;HSD11B1;DLL4;NRAS;FGF22;MAPK3;STAT5A;GSTM3;STAT5B;GSTM2;JUN;JAG1;STAT3;KLF4;ESR1;MTOR;VEGFA;KLF5;GSTA4;BCL6;BCL2;GSTM5;FGF10"
"Tyrosine metabolism","12/36",0.0414183931827837,0.0911779905482114,0,0,2.01056338028169,6.40169455608399,"IL4I1;ALDH3A1;ADH1C;MAOB;ADH1B;MAOA;ADH1A;ALDH3B1;AOX1;FAH;ADH5;ADH6"
"B cell receptor signaling pathway","23/81",0.0426268772357744,0.0931911729913138,0,0,1.59560812279863,5.03457492609131,"MAP2K1;JUN;CHUK;PIK3CD;PIK3R3;PIK3R1;MALT1;RELA;IKBKB;NFKBIA;NRAS;PIK3CA;INPP5D;AKT3;BLNK;PLCG2;RAC3;RAC1;RAF1;HRAS;SOS2;MAPK3;NFKBIB"
"Endocrine and other factor-regulated calcium reabsorption","16/53",0.0497610151789417,0.107829814484242,0,0,1.73920143708663,5.21851466016938,"CLTB;AP2A1;ATP1A2;ATP1A1;ATP2B1;ATP1B1;ESR1;SLC8A1;DNM1;DNM3;PLCB4;GNAQ;CLTCL1;BDKRB2;PLCB1;PRKACB"
"Cocaine addiction","15/49",0.050363765154654,0.107829814484242,0,0,1.77425563731659,5.30233335591574,"GPSM1;JUN;MAOB;MAOA;GNAI1;RELA;GRIN2A;CREB1;DLG4;CREB3L1;CREB3L2;PPP1R1B;PRKACB;ATF4;CREB5"
"Sphingolipid metabolism","15/49",0.050363765154654,0.107829814484242,0,0,1.77425563731659,5.30233335591574,"CERS4;CERS5;CERS6;SGMS1;SPHK1;GBA;SGMS2;GBA2;GALC;UGCG;SPTLC3;NEU1;ACER3;DEGS1;KDSR"
"Phagosome","39/152",0.0506834143790285,0.107829814484242,0,0,1.38953291636507,4.14380469418723,"ATP6V1A;ITGB1;SCARB1;STX12;RAB5C;C1R;TCIRG1;THBS2;THBS1;ACTB;CTSS;ACTG1;EEA1;MRC2;SEC61A2;SEC61A1;TUBA1C;TUBA1B;TUBA1A;ATP6V0A2;RAC1;ATP6V1E1;RILP;ATP6V0A1;MSR1;ATP6V0B;ATP6V0E1;ITGA2;TUBB;STX7;HLA-B;CYBA;HLA-A;TUBA4A;HLA-E;FCGR2A;PIK3C3;ATP6V0D1;SEC22B"
"Histidine metabolism","8/22",0.0551844195067848,0.116623073224338,0,0,2.29691313711414,6.65432875583605,"ALDH3A2;ALDH3A1;MAOB;ALDH1B1;ALDH2;MAOA;ALDH3B1;HNMT"
"D-Glutamine and D-glutamate metabolism","3/5",0.057436949692057,0.120579556638292,0,0,6.02634880803011,17.217685081425,"GLUD1;GLUD2;GLS"
"Tryptophan metabolism","13/42",0.0606556541221765,0.126498962873223,0,0,1.80246367382347,5.05148091092317,"GCDH;MAOB;MAOA;AADAT;HAAO;INMT;DHTKD1;ALDH3A2;IL4I1;ALDH1B1;ALDH2;CAT;AOX1"
"Pertussis","21/76",0.066062164963232,0.136089009491025,0,0,1.53583885235007,4.17311849364118,"ITGB1;JUN;C1R;LY96;TICAM1;MAPK14;GNAI1;RELA;C2;C4B;MAPK10;C4A;MAPK11;CASP3;IRF1;CFL1;CASP1;SERPING1;IL12A;CALM1;MAPK3"
"Chagas disease","27/102",0.066415812458546,0.136089009491025,0,0,1.44845241100732,3.92794237859649,"PIK3R3;PIK3CD;PIK3R1;ADCY1;GNAI1;RELA;IKBKB;PPP2CB;AKT3;BDKRB2;IL12A;MAPK3;JUN;TGFB2;CHUK;IFNGR1;CFLAR;TICAM1;MAPK14;TGFBR2;NFKBIA;MAPK10;MAPK11;PLCB4;PIK3CA;GNAQ;PLCB1"
"Cell cycle","32/124",0.0665419447038135,0.136089009491025,0,0,1.39974502132149,3.79320092329496,"RB1;CDKN1A;HDAC2;PCNA;MCM7;CUL1;CDC14B;CCND3;CCND2;MYC;RAD21;E2F4;SKP2;TGFB2;CDKN2B;SMAD3;GADD45B;CDKN2A;CDC25B;GADD45G;CCNA2;RBL2;CDK7;WEE1;CDK6;TFDP1;TFDP2;CDK4;MDM2;MCM4;TP53;MCM2"
"Measles","35/139",0.0770196872321265,0.155867660758893,0,0,1.35432680145556,3.47207978132934,"PIK3R3;PIK3CD;TNFAIP3;CBLB;PIK3R1;RELA;BBC3;IFIH1;IKBKB;CCND3;CCND2;CASP3;AKT3;IL12A;STAT5A;HSPA8;STAT5B;JUN;CHUK;STAT1;HSPA6;MX1;STAT3;HSPA2;NFKBIA;MAPK10;MAVS;CDK6;PIK3CA;CDK4;TRAF3;OAS3;BCL2;TP53;NFKBIB"
"Hepatitis C","39/157",0.0771962862433635,0.155867660758893,0,0,1.33023593186003,3.4072715420499,"RB1;SCARB1;CDKN1A;PIK3R3;PIK3CD;PIK3R1;IFIT1;EGFR;RELA;IKBKB;PPP2CB;NRAS;MYC;CASP3;AKT3;HRAS;LDLR;MAPK3;MAP2K1;CHUK;STAT1;MX1;STAT3;CFLAR;TICAM1;NFKBIA;CLDN11;MAVS;CDK6;PIK3CA;CDK4;TRAF3;PSME3;OAS3;RAF1;PPARA;TP53;SOS2;TLR3"
"Renin secretion","19/69",0.0799070569329996,0.160319854732664,0,0,1.52823381204334,3.86168043066601,"GUCY1A2;NPR1;PDE1A;ITPR1;ITPR2;CACNA1C;GNAI1;AGT;EDNRA;CREB1;PLCB4;GNAQ;KCNMA1;ADORA1;CLCA2;PRKG2;PLCB1;CALM1;PRKACB"
"Amino sugar and nucleotide sugar metabolism","14/48",0.0818787897897678,0.163092727119611,0,0,1.65555522662009,4.14305228227632,"CMAS;GALT;GFPT2;UAP1;CYB5R2;UGDH;UGP2;GNPDA1;NAGK;GMDS;GNPDA2;AMDHD2;PGM3;NANS"
"Serotonergic synapse","29/113",0.0823180957070593,0.163092727119611,0,0,1.38897508990967,3.46849903663317,"MAOB;MAOA;ITPR1;ITPR2;CACNA1C;HTR2A;PTGS2;GNAI1;PTGS1;NRAS;GNG2;GNG5;CASP3;PRKACB;HRAS;MAPK3;MAP2K1;KCND2;DUSP1;PLA2G4C;PLA2G4A;ALOX15B;GNG11;PLCB4;GNAQ;GNB2;GNB4;RAF1;PLCB1"
"Synaptic vesicle cycle","21/78",0.0834514510869886,0.164311242202332,0,0,1.48176402690619,3.67994649928736,"ATP6V1A;NAPA;ATP6V0B;ATP6V0E1;SLC1A1;CLTB;AP2A1;TCIRG1;SLC1A7;DNM1;DNM3;RIMS1;STX1B;SLC6A9;CLTCL1;ATP6V0A2;ATP6V1E1;ATP6V0D1;STX2;VAMP2;ATP6V0A1"
"Vitamin digestion and absorption","8/24",0.087777691755117,0.171762520286247,0,0,2.00954773869347,4.88912493244231,"SLC5A6;CUBN;SCARB1;ABCC1;SLC19A3;APOB;PLB1;SLC19A2"
"Th1 and Th2 cell differentiation","24/92",0.0916297551907944,0.178200198745287,0,0,1.4195999287707,3.39284272492021,"JAG2;STAT5A;NOTCH3;STAT5B;JUN;NOTCH1;JAG1;CHUK;IFNGR1;STAT1;RBPJ;MAPK14;DLL1;RELA;IKBKB;DLL4;MAPK10;NFKBIA;MAPK11;MAF;IL12A;JAK2;MAPK3;NFKBIB"
"Vitamin B6 metabolism","3/6",0.0981129962592915,0.189645242769484,0,0,4.01731493099122,9.32674072336846,"PHOSPHO2;PSAT1;AOX1"
"Salivary secretion","24/93",0.101119233229363,0.194271496567928,0,0,1.39893827052165,3.20560399869925,"GUCY1A2;ADCY4;ITPR1;ADCY3;ITPR2;ATP1A2;SLC4A2;ADCY1;ATP1A1;ATP2B1;ADRA1B;ATP1B1;ADCY8;CST3;PLCB4;TRPV6;GNAQ;KCNMA1;PRKG2;PLCB1;CALM1;PRKACB;PRKG1;VAMP2"
"Pancreatic secretion","26/102",0.102181660676097,0.195130038760981,0,0,1.37601955418582,3.13870481750746,"RAB3D;ITPR1;ADCY4;ITPR2;ATP2A2;ADCY3;ATP1A2;SLC4A2;ADCY1;ATP1A1;ADCY8;SLC4A4;RAP1B;CCKAR;CLCA2;RAC1;PLA2G2A;RAB27B;CCK;ATP2B1;ATP1B1;TPCN2;PLCB4;GNAQ;KCNMA1;PLCB1"
"Glycerophospholipid metabolism","25/98",0.106586390174938,0.202322668775182,0,0,1.37738118693808,3.08368024004671,"AGPAT5;DGKB;PLD1;LCLAT1;AGPAT2;PLB1;PTDSS1;CDIPT;PCYT2;PLA2G4C;PLA2G2A;PLA2G4A;GPCPD1;CRLS1;PISD;PLA2G15;GPD2;ETNK1;LPCAT3;PEMT;GPD1L;LPIN1;LPIN3;DGKH;CDS2"
"Gastric acid secretion","20/76",0.1080021255589,0.203002466905989,0,0,1.4361319124424,3.19626146159354,"CAMK2D;CAMK2A;ADCY4;ITPR1;ADCY3;ITPR2;ATP1A2;SLC4A2;ADCY1;ATP1A1;ATP1B1;ADCY8;ACTB;GNAI1;ACTG1;PLCB4;GNAQ;PLCB1;CALM1;PRKACB"
"Cholesterol metabolism","14/50",0.108225289927798,0.203002466905989,0,0,1.56338421964995,3.47624767094658,"SCARB1;MYLIP;OSBPL5;SORT1;NCEH1;NPC1;SOAT1;VAPA;VAPB;VDAC2;ANGPTL4;APOB;LDLR;PLTP"
"Lysine degradation","17/63",0.109279481116288,0.203774091258019,0,0,1.48589228427841,3.28953762813547,"GCDH;KMT2A;AADAT;EHMT2;DOT1L;PLOD3;SETMAR;PLOD2;PRDM2;DHTKD1;ALDH3A2;ALDH2;ALDH1B1;COLGALT1;AASS;EZH1;EZH2"
"NOD-like receptor signaling pathway","43/181",0.116852301601358,0.216620933377956,0,0,1.25380136294337,2.69171658662298,"HSP90AB1;ITPR1;ITPR2;TNFAIP3;ANTXR2;TANK;RELA;IKBKB;PANX1;DHX33;IFI16;NAMPT;CASP1;TP53BP1;DNM1L;GBP4;GBP3;MAPK3;GABARAPL2;GABARAPL1;JUN;HSP90AA1;CHUK;STAT1;CARD8;CARD6;CYBA;TICAM1;MAPK14;NFKBIA;MAPK10;P2RX7;MAPK11;MAVS;PLCB4;ATG16L1;TRAF3;OAS3;TRIP6;BCL2;VDAC2;PLCB1;NFKBIB"
"Synthesis and degradation of ketone bodies","4/10",0.119765927341258,0.220731389344063,0,0,2.67838018741633,5.68410141262522,"BDH2;BDH1;HMGCS1;OXCT1"
"T cell receptor signaling pathway","26/104",0.122082657504291,0.222414956487703,0,0,1.34056873632845,2.8192923886857,"PIK3R3;PIK3CD;CBLB;PIK3R1;MALT1;RELA;IKBKB;NRAS;AKT3;MAP3K8;PAK3;HRAS;MAPK3;MAP2K1;JUN;CHUK;MAPK14;NFKBIA;MAPK10;MAPK11;PIK3CA;CDK4;RAF1;MAP3K14;SOS2;NFKBIB"
"Toll-like receptor signaling pathway","26/104",0.122082657504291,0.222414956487703,0,0,1.34056873632845,2.8192923886857,"CD40;LY96;PIK3R3;PIK3CD;PIK3R1;RELA;IKBKB;AKT3;IL12A;MAP3K8;RAC1;MAP2K6;MAPK3;MAP2K3;MAP2K1;JUN;CHUK;STAT1;TICAM1;MAPK14;NFKBIA;MAPK10;MAPK11;PIK3CA;TRAF3;TLR3"
"Propanoate metabolism","10/34",0.123352079800994,0.223443481696657,0,0,1.67462711580359,3.50451322397309,"LDHA;MCEE;ALDH6A1;PCCB;ECHDC1;ABAT;MLYCD;ACSS1;ACACB;ACADS"
"Progesterone-mediated oocyte maturation","25/100",0.127511081601095,0.227984096426588,0,0,1.34048279922618,2.76079403499405,"HSP90AB1;ADCY4;PIK3R3;PIK3CD;ADCY3;PIK3R1;ADCY1;ADCY8;GNAI1;IGF1R;RPS6KA2;AKT3;PRKACB;MAPK3;MAP2K1;HSP90AA1;IGF1;MAPK14;CDC25B;CCNA2;MAPK10;MAPK11;CPEB1;PIK3CA;RAF1"
"Viral myocarditis","16/60",0.127731082648613,0.227984096426588,0,0,1.46186944978486,3.00827609353927,"CD40;LAMA2;CAV1;HLA-B;HLA-A;ACTB;ACTG1;HLA-E;SGCD;SGCB;CASP3;DAG1;RAC3;ABL2;DMD;RAC1"
"Other types of O-glycan biosynthesis","13/47",0.128016306510829,0.227984096426588,0,0,1.53691453940067,3.15927788249243,"GALNT12;GALNT7;B4GALT1;GALNT16;GALNT15;GALNT2;PLOD3;GXYLT2;GALNT10;LFNG;C1GALT1C1;EOGT;COLGALT1"
"Folate biosynthesis","8/26",0.129423658804437,0.229202792407858,0,0,1.78604131769961,3.6518545258601,"MOCS2;AKR1B10;GCH1;FPGS;AKR1C3;AKR1B1;GGH;MOCS1"
"Transcriptional misregulation in cancer","45/192",0.130491310580155,0.229809696966162,0,0,1.23171003121005,2.50831421796777,"CD40;CDKN1A;CEBPB;HDAC2;KMT2A;LDB1;DOT1L;FOXO1;RELA;IGF1R;CCND2;SIX4;PLAU;MYC;NFKBIZ;GRIA3;RUNX1T1;SMAD1;ARNT2;MEF2C;GADD45B;EYA1;ZBTB16;IGF1;ETV5;MLF1;RUNX1;GADD45G;DDB2;TGFBR2;CCNA2;PER2;MAF;NR4A3;ZEB1;BCL6;EWSR1;DDIT3;MDM2;BMP2K;PPARG;NUPR1;TCF3;TP53;MET"
"Arginine biosynthesis","7/22",0.131221582081701,0.229819013922095,0,0,1.8752239805744,3.80833222201249,"GLUD1;GLUD2;GPT2;ASL;GLUL;ASS1;GLS"
"Hedgehog signaling pathway","15/56",0.133271103370894,0.23212604268447,0,0,1.47068934822245,2.96398297731593,"EVC2;CUL1;EFCAB7;GLI3;GLI2;SCUBE2;CCND2;SMO;KIF3A;SUFU;BOC;BCL2;SPOPL;PRKACB;CDON"
"PPAR signaling pathway","19/74",0.138335599112139,0.239630518680591,0,0,1.38886827458256,2.747282374001,"CPT1A;HMGCS1;GK;ACSL1;ACSL4;ACSL3;SORBS1;FABP3;FABP4;SCP2;ACOX2;SCD;ME1;ME3;PPARG;ANGPTL4;PPARA;PLTP;SLC27A4"
"Glucagon signaling pathway","26/107",0.156082643229609,0.266107326687295,0,0,1.29067499267735,2.39726055646472,"PYGB;CAMK2D;PRKAA1;CAMK2A;ITPR1;ITPR2;PRKAG2;ACACB;FOXO1;LDHA;CREB3L1;AKT3;CREB3L2;PRKACB;CPT1A;PHKA1;CREB1;PKM;PLCB4;GNAQ;SIK2;CALM1;PLCB1;PPARA;ATF4;CREB5"
"Th17 cell differentiation","26/107",0.156082643229609,0.266107326687295,0,0,1.29067499267735,2.39726055646472,"HSP90AB1;RORA;HIF1A;RELA;IKBKB;JAK2;IL6R;MAPK3;STAT5A;STAT5B;JUN;HSP90AA1;SMAD3;CHUK;IFNGR1;STAT1;STAT3;MAPK14;MTOR;RUNX1;TGFBR2;NFKBIA;MAPK10;MAPK11;IRF4;NFKBIB"
"Glycosaminoglycan biosynthesis","14/53",0.156138683797593,0.266107326687295,0,0,1.44285290284284,2.67939323286955,"CSGALNACT1;HS3ST3B1;B4GALT1;CHST7;B3GAT3;GLCE;HS6ST1;HS2ST1;EXT1;EXTL2;CHST15;CHSY3;ST3GAL1;CHST3"
"Proximal tubule bicarbonate reclamation","7/23",0.157858913613024,0.267600404360046,0,0,1.75791258477769,3.24520084979625,"GLUD1;GLUD2;ATP1A2;ATP1A1;ATP1B1;SLC4A4;GLS"
"GABAergic synapse","22/89",0.15886360534221,0.267871079220641,0,0,1.32013909273602,2.42867213048146,"GABARAPL2;GABARAPL1;SLC38A1;ADCY4;ADCY3;ABAT;ADCY1;CACNA1C;ADCY8;GNG11;GNAI1;GLS;TRAK2;GNG2;GNG5;GNB2;GNB4;GABRE;GLUL;PRKACB;SLC38A2;SLC38A5"
"IL-17 signaling pathway","23/94",0.164964050336522,0.275340128171028,0,0,1.30239241248246,2.34694721081559,"HSP90AA1;CEBPB;JUN;HSP90AB1;CCL11;JUND;CHUK;TNFAIP3;PTGS2;MAPK14;IL17RB;RELA;IL17RA;IKBKB;MAPK10;NFKBIA;MAPK11;MAPK7;TRAF4;CCL7;TRAF3;CASP3;MAPK3"
"Mucin type O-glycan biosynthesis","10/36",0.165030360733424,0.275340128171028,0,0,1.54561627412306,2.78462218350611,"GALNT12;GALNT7;C1GALT1C1;GALNT16;GALNT15;GALNT2;GCNT4;ST3GAL1;GALNT10;B4GALT5"
"Glycosphingolipid biosynthesis","12/45",0.171194093173041,0.284128416418084,0,0,1.46140479239071,2.57931708342168,"B4GALT1;ST8SIA1;B3GALT2;B3GNT5;B3GALT1;SLC33A1;GCNT2;B3GALT4;A4GALT;ST3GAL1;FUT4;ST6GALNAC6"
"NF-kappa B signaling pathway","25/104",0.176224827891966,0.290954533550798,0,0,1.27229084218898,2.20869011813529,"CD40;EDA;LY96;TNFAIP3;PTGS2;EDA2R;MALT1;RELA;TNFSF13B;IKBKB;PLAU;PLCG2;BLNK;VCAM1;GADD45B;CHUK;CFLAR;TICAM1;GADD45G;NFKBIA;CXCL12;TRAF3;BCL2;LTBR;MAP3K14"
"Leishmaniasis","19/77",0.182681213735258,0.298786005178196,0,0,1.31678265175802,2.23854716085991,"ITGB1;JUN;MARCKSL1;TGFB2;ITGA4;IFNGR1;STAT1;CYBA;PTGS2;MAPK14;ELK1;RELA;NFKBIA;MAPK11;FCGR2A;IL12A;JAK2;MAPK3;NFKBIB"
"Malaria","13/50",0.182853264998644,0.298786005178196,0,0,1.41203467618562,2.39914756239394,"CD40;TGFB2;VCAM1;GYPC;HGF;SDC2;HBA2;HBA1;THBS2;THBS1;SDC1;IL12A;MET"
"Riboflavin metabolism","3/8",0.201728737693349,0.324843619021588,0,0,2.4100878293601,3.85814419389134,"ACP5;ENPP1;ACP2"
"Sulfur relay system","3/8",0.201728737693349,0.324843619021588,0,0,2.4100878293601,3.85814419389134,"MPST;MOCS2;TST"
"JAK-STAT signaling pathway","37/162",0.201874425701113,0.324843619021588,0,0,1.19021817261453,1.90447932155967,"CDKN1A;FHL1;PIK3R3;PIK3CD;PIK3R1;EGFR;CCND3;CCND2;SOCS1;MYC;AKT3;PIM1;AOX1;IL12A;JAK2;IL6R;HRAS;MCL1;SOCS5;PDGFRB;STAT5A;PDGFRA;STAT5B;TSLP;IFNGR1;STAT1;STAT3;LIF;LIFR;PTPN11;OSMR;MTOR;PIK3CA;LEP;BCL2;RAF1;SOS2"
"Glycerolipid metabolism","15/61",0.222429646253468,0.356112110415905,0,0,1.31042143161996,1.96975266801674,"AGPAT5;GK;DGKB;AKR1B1;LCLAT1;AGPAT2;ALDH3A2;AKR1B10;ALDH2;ALDH1B1;LPIN1;MGLL;LPIN3;DGKH;PNPLA2"
"Pantothenate and CoA biosynthesis","6/21",0.228415500465726,0.363857857525804,0,0,1.6069311903566,2.37277681991445,"ALDH3A2;ALDH1B1;ALDH2;GADL1;ENPP1;BCAT2"
"Phenylalanine metabolism","5/17",0.239669225725815,0.377985793806386,0,0,1.67378023265545,2.39098758458412,"ALDH3A1;IL4I1;MAOB;MAOA;ALDH3B1"
"Primary bile acid biosynthesis","5/17",0.239669225725815,0.377985793806386,0,0,1.67378023265545,2.39098758458412,"CYP39A1;CH25H;ACOX2;SCP2;HSD17B4"
"Tuberculosis","40/180",0.246338179488466,0.386580212365563,0,0,1.14864669271964,1.60931141866604,"CAMK2D;CEBPB;RAB5C;CAMK2A;CEBPG;LSP1;TCIRG1;CTSS;MALT1;RELA;EEA1;MRC2;IRAK2;CASP3;AKT3;ATP6V0A2;IL12A;JAK2;ATP6V0A1;MAPK3;TGFB2;ATP6V0B;ARHGEF12;KSR1;NFYA;IFNGR1;NFYB;STAT1;SPHK1;MAPK14;MAPK10;MAPK11;CREB1;FCGR2A;RFX5;BCL2;PIK3C3;ATP6V0D1;RAF1;CALM1"
"Vasopressin-regulated water reabsorption","11/44",0.250290289984779,0.389350916150731,0,0,1.33928421758444,1.85508793776869,"DCTN6;RAB5C;CREB1;ARHGDIA;CREB3L1;CREB3L2;ADCY3;AQP3;PRKACB;VAMP2;CREB5"
"Glycolysis / Gluconeogenesis","16/67",0.250560211024445,0.389350916150731,0,0,1.26066781193847,1.74483487933704,"ADH1C;ADH1B;ADH1A;BPGM;ADH5;ADH6;ALDH3A2;ALDH3A1;LDHA;PKM;ALDH2;ALDH1B1;ALDH3B1;GALM;DLAT;ACSS1"
"Nicotinate and nicotinamide metabolism","9/35",0.251893708410866,0.389513685688998,0,0,1.39070504765403,1.9174319038278,"NT5E;NNMT;PNP;QPRT;NAMPT;AOX1;ENPP1;NT5C2;NADK"
"Influenza A","38/172",0.265796481297327,0.409016915394431,0,0,1.13992820706594,1.51043265549531,"CALCOCO2;PIK3R3;PIK3CD;PIK3R1;ACTB;RELA;ACTG1;IFIH1;IKBKB;DNAJB1;CCND3;CASP3;AKT3;TNFSF10;CASP1;IL12A;JAK2;MAPK3;MAP2K1;CHUK;IFNGR1;STAT1;MX1;TNFRSF10B;TICAM1;NFKBIA;DNAJC3;MAVS;CDK6;PIK3CA;CDK4;TRAF3;OAS3;NUP98;RAF1;SLC25A4;TLR3;NFKBIB"
"Fatty acid biosynthesis","5/18",0.281329520106687,0.428353887309079,0,0,1.54493134282238,1.95932615613294,"OLAH;ACSL1;ACSL4;ACSL3;ACACB"
"Other glycan degradation","5/18",0.281329520106687,0.428353887309079,0,0,1.54493134282238,1.95932615613294,"MANBA;FUCA2;GBA;NEU1;GBA2"
"Biosynthesis of unsaturated fatty acids","7/27",0.283767559416109,0.428353887309079,0,0,1.40597839738759,1.7709701485003,"ELOVL1;SCP2;ELOVL5;SCD;ACOT2;HSD17B4;ACOT1"
"Collecting duct acid secretion","7/27",0.283767559416109,0.428353887309079,0,0,1.40597839738759,1.7709701485003,"ATP6V1A;ATP6V0E1;ATP6V0A2;TCIRG1;ATP6V1E1;ATP6V0D1;ATP6V0A1"
"Renin-angiotensin system","6/23",0.302629439271772,0.45466129028034,0,0,1.41770319378379,1.69450434746302,"CTSA;NLN;ANPEP;PREP;LNPEP;AGT"
"Pyrimidine metabolism","13/56",0.318117949226789,0.475676367475906,0,0,1.21455024133392,1.39106453890899,"ENTPD1;ENTPD4;ENTPD6;CTPS1;NT5C2;TYMS;AK9;TYMP;NT5E;PNP;CMPK1;ENPP1;UPP1"
"Arachidonic acid metabolism","14/61",0.324669655770183,0.483193806944357,0,0,1.19666127702406,1.34618058225176,"GGT5;GPX1;PTGIS;GPX3;PLA2G4C;PLA2G2A;GPX8;AKR1C3;PLA2G4A;PTGS2;ALOX15B;PLB1;PTGS1;PTGES"
"SNARE interactions in vesicular transport","8/33",0.331012428447923,0.490331494476596,0,0,1.28538693467337,1.42112296735144,"STX1B;STX7;STX6;STX2;SEC22B;VAMP5;STX11;VAMP2"
"Purine metabolism","28/129",0.340455692116469,0.501974206515911,0,0,1.11388138813881,1.20017409985578,"PRPS1;GUCY2D;NPR1;PDE1A;ADCY4;ADCY3;AK5;NTPCR;ADCY1;ADCY8;NT5C2;PAPSS2;AK9;NT5E;PNP;ENPP1;NUDT16;XDH;GUCY1A2;ENTPD1;ENTPD4;ENTPD6;AMPD2;PKM;IMPDH1;PDE5A;ADA;ITPA"
"Legionellosis","13/57",0.342900654172837,0.50323846005921,0,0,1.18687249857061,1.27032685881645,"HSPA8;ARF1;SAR1A;SAR1B;HSPA6;HSPA2;RELA;NFKBIA;CASP3;HSF1;CASP1;IL12A;SEC22B"
"Non-alcoholic fatty liver disease","33/155",0.367234485283232,0.53225639351892,0,0,1.08675467865951,1.08866161847839,"PRKAA1;IRS1;PIK3R3;PIK3CD;PRKAG2;IRS2;PIK3R1;ADIPOR1;ADIPOR2;COX7A1;RELA;IKBKB;BCL2L11;CASP3;AKT3;RAC1;IL6R;MAP3K5;MLXIP;SREBF1;JUN;INSR;MAPK14;MAPK10;MAPK11;ITCH;PIK3CA;DDIT3;LEP;UQCRC1;PPARG;PPARA;ATF4"
"One carbon pool by folate","5/20",0.367710252935784,0.53225639351892,0,0,1.33877311908946,1.33938896422099,"MTHFD1;MTHFD1L;SHMT2;SHMT1;TYMS"
"Steroid biosynthesis","5/20",0.367710252935784,0.53225639351892,0,0,1.33877311908946,1.33938896422099,"CYP24A1;SOAT1;DHCR24;DHCR7;TM7SF2"
"Various types of N-glycan biosynthesis","9/39",0.371987637041367,0.536000367918697,0,0,1.20497612465444,1.19159445391861,"B4GALT1;RPN1;MGAT4B;MAN1C1;ALG2;MAN1A1;MGAT1;STT3B;B4GALNT4"
"Taurine and hypotaurine metabolism","3/11",0.38060399300585,0.543475071093939,0,0,1.5060225846926,1.45481154096132,"GGT5;GADL1;CDO1"
"Ubiquinone and other terpenoid-quinone biosynthesis","3/11",0.38060399300585,0.543475071093939,0,0,1.5060225846926,1.45481154096132,"NQO1;VKORC1L1;COQ2"
"Glyoxylate and dicarboxylate metabolism","7/30",0.389770599298176,0.554068520078573,0,0,1.22236056048841,1.15170435503556,"MCEE;SHMT2;SHMT1;CAT;PCCB;ACSS1;GLUL"
"Drug metabolism","23/108",0.399170545854151,0.564897602838241,0,0,1.08692530227728,0.998195807566897,"GSTM3;GSTM2;MAOB;ADH1C;MAOA;GSTO1;ADH1B;ADH1A;FMO2;ADH5;ADH6;TYMP;ALDH3A1;GSTA4;IMPDH1;ALDH3B1;CMPK1;AOX1;UPP1;XDH;CES2;ITPA;GSTM5"
"Cell adhesion molecules","31/148",0.411521393683132,0.579787919100235,0,0,1.06431532132821,0.944999476032983,"ITGB1;CD274;CD40;CNTNAP1;SDC4;SDC2;SDC3;LRRC4;NRXN3;PTPRM;CDH4;ALCAM;ITGB8;NCAM2;NEO1;ICOSLG;MPZL1;CD276;NTNG1;VCAM1;CADM1;ITGA4;NEGR1;HLA-B;HLA-A;HLA-E;CLDN11;VCAN;ITGA8;SDC1;ITGA6"
"Diabetic cardiomyopathy","42/203",0.42186540015902,0.591731556860218,0,0,1.04790762246854,0.90441655530574,"CAMK2D;IRS1;CAMK2A;PTEN;PIK3R3;ATP2A2;PIK3CD;PIK3R1;COX7A1;RELA;PPP1CB;MPC1;AKT3;PDK4;RAC1;G6PD;TGFB2;SMAD3;INSR;GFPT2;MMP2;GSR;CYBA;MAPK14;AGT;MTOR;PPP1CA;TGFBR2;COL1A1;MAPK10;MAPK11;COL3A1;COL1A2;PLCB4;PIK3CA;TBC1D4;UQCRC1;PPIF;VDAC2;PLCB1;PPARA;SLC25A4"
"RIG-I-like receptor signaling pathway","15/70",0.424097664578783,0.592242113090195,0,0,1.09537102716061,0.939599966617234,"DDX3X;CHUK;MAPK14;TANK;RELA;IFIH1;IKBKB;MAPK10;NFKBIA;MAPK11;MAVS;TRAF3;IL12A;TBKBP1;NFKBIB"
"Necroptosis","33/159",0.429511547596586,0.597171756965429,0,0,1.05198964541569,0.889043446945028,"PYGB;CAMK2D;HSP90AB1;VPS4B;CAMK2A;VPS4A;TNFAIP3;TNFSF10;CASP1;CAPN1;DNM1L;JAK2;GLUL;STAT5A;STAT5B;HSP90AA1;IFNGR1;STAT1;PLA2G4C;STAT3;TNFRSF10B;PLA2G4A;CFLAR;TICAM1;MAPK10;GLUD1;GLUD2;BCL2;VDAC2;SQSTM1;SLC25A4;TLR3;FTL"
"Ubiquitin mediated proteolysis","29/140",0.442512950652288,0.612561595444433,0,0,1.04933450753102,0.855507258956955,"DET1;CUL7;UBE3C;UBA7;CUL1;NEDD4L;CBLB;KLHL13;BRCA1;CBL;RHOBTB2;UBE2J1;HERC3;SOCS1;UBB;SKP2;UBE2E3;UBE2E1;SYVN1;MID1;DDB2;UBE2W;ITCH;MDM2;UBA3;UBE2N;UBA2;BIRC6;UBE2K"
"Nitrogen metabolism","4/17",0.44862960724076,0.615651885261129,0,0,1.23563484708063,0.990432576485563,"CA12;GLUD1;GLUD2;GLUL"
"Selenocompound metabolism","4/17",0.44862960724076,0.615651885261129,0,0,1.23563484708063,0.990432576485563,"TXNRD1;CTH;INMT;PAPSS2"
"Natural killer cell mediated cytotoxicity","27/131",0.458331465018379,0.624864230481496,0,0,1.04265628337832,0.813441472273444,"SHC3;PIK3R3;PIK3CD;PIK3R1;NRAS;CASP3;SH3BP2;TNFSF10;PLCG2;RAC3;PTK2B;RAC1;HRAS;MICA;MAPK3;MICB;MAP2K1;IFNGR1;HLA-B;TNFRSF10B;PTPN11;HLA-A;HLA-E;PIK3CA;RAET1G;RAF1;SOS2"
"Pathways of neurodegeneration","96/475",0.459285065306588,0.624864230481496,0,0,1.01742292558716,0.791640707578588,"HIP1;CSF1;LRRK2;ATP2A2;DNALI1;PSMD8;TUBA1C;TUBA1B;PSMD7;TUBA1A;KIF5B;CASP3;RAC1;CAPN1;HRAS;MAP3K5;MAP2K3;GABARAPL2;GABARAPL1;MAP2K1;GPR37;GPX1;GPX3;TUBB;WNT5A;GPX8;WIPI1;WIPI2;AXIN2;TNFRSF1B;DKK1;DKK2;TUBA4A;PSMA5;PLCB4;DDIT3;CAT;UQCRC1;PPIF;ULK2;VDAC2;PIK3C3;MAPT;PLCB1;RAF1;SQSTM1;SLC25A4;ATF4;GRIA1;DCTN6;CAMK2D;UBA7;DNAH7;CAMK2A;ITPR1;DERL1;ITPR2;CACNA1C;PSEN1;PTGS2;TANK;COX7A1;PSMA7;RELA;LRP6;UBE2J1;GRIN2A;NRAS;ATXN2;ATXN1;UBB;ATXN1L;DVL2;WNT2;GRIA3;MAP2K6;MAPK3;PRNP;FZD5;FZD4;FZD7;FZD6;FZD8;SNCAIP;MAPK14;MTOR;MAPK10;MAPK11;PSMC5;PINK1;VAPB;DLG4;GNAQ;BCL2;CALM1;TARDBP"
"Carbohydrate digestion and absorption","10/47",0.466677935708785,0.632208998374721,0,0,1.08536137947903,0.827171169312784,"PLCB4;PIK3CA;AKT3;PIK3CD;PIK3R3;ATP1A2;ATP1A1;PIK3R1;ATP1B1;PLCB1"
"Antigen processing and presentation","16/78",0.494650933366362,0.66119832342066,0,0,1.0362862618978,0.729444957096815,"HSPA8;HSP90AA1;HSP90AB1;NFYA;NFYB;HSPA6;HLA-B;HLA-A;HSPA2;CTSS;HLA-E;CREB1;PSME3;RFX5;PSME2;LGMN"
"Base excision repair","7/33",0.496163167237044,0.66119832342066,0,0,1.08111607056596,0.757700673910482,"POLD4;NEIL3;PCNA;LIG1;PARP2;APEX1;NEIL1"
"Butanoate metabolism","6/28",0.496312172853609,0.66119832342066,0,0,1.09515547235286,0.767211351764805,"BDH2;HMGCS1;BDH1;OXCT1;ABAT;ACADS"
"Mismatch repair","5/23",0.496420192347373,0.66119832342066,0,0,1.1154350433788,0.781175467068242,"POLD4;PCNA;LIG1;MSH2;MLH1"
"Bile secretion","18/90",0.536503843458158,0.711597148017724,0,0,1.00377833753149,0.625034254070762,"ABCC3;SCARB1;ABCC4;ABCB1;ABCB4;ADCY4;ADCY3;ATP1A2;SLC4A2;ADCY1;ATP1A1;ATP1B1;SLC51B;ADCY8;SLC4A4;NCEH1;PRKACB;LDLR"
"N-Glycan biosynthesis","10/50",0.552192346323261,0.729354057435308,0,0,1.00377073906486,0.596098126643373,"B4GALT1;ALG5;RPN1;MGAT4B;ALG2;MAN1C1;MAN1A1;MOGS;MGAT1;STT3B"
"Retrograde endocannabinoid signaling","29/148",0.57495750199357,0.756271900962497,0,0,0.978298568732873,0.541448294779056,"GRIA1;DAGLA;ITPR1;ADCY4;ITPR2;ADCY3;CACNA1C;ADCY1;ADCY8;PTGS2;GNAI1;RIMS1;GNG2;GNG5;GABRE;PRKACB;GRIA3;MAPK3;MAPK14;GNG11;MAPK10;MAPK11;PLCB4;GNAQ;GNB2;GNB4;DAGLB;PLCB1;MGLL"
"DNA replication","7/36",0.59597036280426,0.780671921524588,0,0,0.969094578558498,0.501568795941161,"PRIM2;POLD4;PCNA;MCM7;LIG1;MCM4;MCM2"
"Thiamine metabolism","3/15",0.599795548085598,0.7824493363915,0,0,1.00376411543287,0.51309052449307,"TPK1;AK5;NTPCR"
"Galactose metabolism","6/31",0.603863222970179,0.784527220006339,0,0,0.963556002009041,0.486024930670691,"B4GALT1;GALT;UGP2;AKR1B10;AKR1B1;GALM"
"Thermogenesis","45/232",0.608725335251067,0.787616046018728,0,0,0.965801440581766,0.479412363747515,"KDM3A;PRKAA1;SMARCD2;SMARCB1;KDM1A;NPR1;ADCY4;PRKAG2;ADCY3;ADCY1;ADCY8;COX7A1;ACTB;ACTG1;LIPE;NRAS;SLC25A29;CREB3L1;RPS6KA2;CREB3L2;DPF3;COX11;PRKG2;COX14;PRKACB;HRAS;PRKG1;MAP3K5;MAP2K3;CPT1A;COA1;ACSL1;ACSL4;ACSL3;MAPK14;MTOR;MAPK11;CREB1;RHEB;UQCRC1;PPARG;SOS2;MGLL;PNPLA2;CREB5"
"Retinol metabolism","13/68",0.615605446177653,0.793280188773642,0,0,0.948843910806175,0.460330703057466,"ADH1C;ADH1B;ADH1A;HSD17B6;ADH5;DHRS3;ADH6;CYP3A7;ALDH1A3;CYP26B1;ALDH1A1;AOX1;RDH5"
"African trypanosomiasis","7/37",0.626906222144877,0.804571953117109,0,0,0.936732814200787,0.437415176985705,"VCAM1;PLCB4;GNAQ;IL12A;HBA2;HBA1;PLCB1"
"Complement and coagulation cascades","16/85",0.64452782235891,0.82385209551522,0,0,0.930747113854956,0.408818838690042,"CFH;F10;C1R;F3;C2;C4B;C4A;C6;C7;PLAU;CFHR1;BDKRB2;BDKRB1;SERPING1;MASP1;F2RL2"
"Fatty acid elongation","5/27",0.649236241530534,0.826537705081041,0,0,0.912400429096387,0.394119230232084,"ELOVL1;ELOVL5;ACOT2;THEM4;ACOT1"
"Cardiac muscle contraction","16/87",0.6829677524594,0.866003110118519,0,0,0.904415414946882,0.344860503003572,"TPM4;TPM3;TPM2;TPM1;CACNA2D3;ATP2A2;ATP1A2;ATP1A1;CACNA1C;ATP1B1;COX7A1;SLC8A1;CACNB2;ASPH;SLC9A7;UQCRC1"
"Pentose and glucuronate interconversions","6/34",0.697542314158915,0.875060915865074,0,0,0.860156418167468,0.309821548021137,"UGDH;UGP2;AKR1B10;DCXR;AKR1B1;XYLB"
"Alzheimer disease","70/369",0.700968461067618,0.875060915865074,0,0,0.938904737759522,0.333585702912928,"CSF1;IRS1;ATP2A2;PIK3CD;IRS2;PSMD8;IKBKB;TUBA1C;TUBA1B;PSMD7;TUBA1A;KIF5B;CASP3;AKT3;CAPN1;HRAS;MAP3K5;MAP2K1;CHUK;TUBB;WNT5A;WIPI1;AXIN2;WIPI2;DKK1;DKK2;TUBA4A;PSMA5;ADAM17;PLCB4;PIK3CA;DDIT3;UQCRC1;PPIF;ULK2;VDAC2;PIK3C3;MAPT;PLCB1;RAF1;SLC25A4;ATF4;ITPR1;PIK3R3;ITPR2;PIK3R1;CACNA1C;PSEN1;PTGS2;COX7A1;PSMA7;RELA;LRP6;GRIN2A;NRAS;DVL2;NAE1;WNT2;MAPK3;FZD5;FZD4;FZD7;INSR;FZD6;FZD8;MTOR;MAPK10;PSMC5;GNAQ;CALM1"
"Mannose type O-glycan biosynthesis","4/23",0.701152910503877,0.875060915865074,0,0,0.845117311350666,0.300041393754666,"B3GALNT2;B4GALT1;FKRP;FUT4"
"Protein export","4/23",0.701152910503877,0.875060915865074,0,0,0.845117311350666,0.300041393754666,"SEC61A2;SEC61A1;SPCS3;SRP72"
"Proteasome","8/46",0.723603220298559,0.899538120920169,0,0,0.844961650357048,0.273355296875047,"PSMD8;PSMA5;PSMC5;PSMD7;PSME3;POMP;PSME2;PSMA7"
"Caffeine metabolism","1/6",0.736722533456376,0.90519784149485,0,0,0.802959618760973,0.245339444567685,"XDH"
"Phenylalanine, tyrosine and tryptophan biosynthesis","1/6",0.736722533456376,0.90519784149485,0,0,0.802959618760973,0.245339444567685,"IL4I1"
"Phosphonate and phosphinate metabolism","1/6",0.736722533456376,0.90519784149485,0,0,0.802959618760973,0.245339444567685,"PCYT2"
"Pentose phosphate pathway","5/30",0.742365513606061,0.905321173215447,0,0,0.802761737383881,0.239153599925138,"PRPS1;G6PD;H6PD;TKT;DERA"
"Alcoholism","34/186",0.742534716201944,0.905321173215447,0,0,0.897225993663978,0.267091306324543,"HDAC5;HDAC2;SHC3;MAOB;MAOA;HDAC9;GNAI1;CAMKK2;HDAC7;PPP1CB;GRIN2A;NRAS;GNG2;GNG5;CREB3L1;CREB3L2;PRKACB;HRAS;MAPK3;MAP2K1;GNG11;PPP1CA;CREB1;GNB2;PKIA;CAMK4;PPP1R1B;GNB4;RAF1;CALM1;SOS2;SLC29A3;ATF4;CREB5"
"Nucleotide excision repair","8/47",0.74650600781237,0.906675879220388,0,0,0.823244427264528,0.24067683707798,"POLD4;CDK7;PCNA;LIG1;XPC;GTF2H1;RAD23B;DDB2"
"alpha-Linolenic acid metabolism","4/25",0.763925284394673,0.924291279210348,0,0,0.76453432778734,0.205877848091226,"PLA2G2A;PLA2G4C;PLA2G4A;PLB1"
"Metabolism of xenobiotics by cytochrome P450","13/76",0.773734250050595,0.932599837513455,0,0,0.827940501148048,0.212388936073972,"GSTM3;GSTM2;ADH1C;GSTO1;ADH1B;ADH1A;ADH5;ADH6;HSD11B1;ALDH3A1;GSTA4;ALDH3B1;GSTM5"
"Peroxisome","14/82",0.781994444352254,0.936547966661416,0,0,0.826016163888807,0.203123687835196,"ACSL1;ECI2;IDH2;HSD17B4;ACSL4;ACSL3;SOD2;SCP2;ACOX2;PEX3;CAT;FAR1;MLYCD;XDH"
"Rheumatoid arthritis","16/93",0.782918647209071,0.936547966661416,0,0,0.833627600999202,0.204010754448992,"ATP6V1A;ATP6V0B;JUN;TGFB2;ATP6V0E1;CSF1;ANGPT1;TCIRG1;TNFSF13B;VEGFA;CXCL12;ATP6V0A2;ACP5;ATP6V1E1;ATP6V0D1;ATP6V0A1"
"Ether lipid metabolism","8/49",0.788238841015286,0.939367340608442,0,0,0.782988111288148,0.18631526054866,"PLA2G4C;PLA2G2A;ENPP2;PLA2G4A;PLD1;PAFAH1B3;PLB1;PAFAH1B2"
"Fructose and mannose metabolism","5/33",0.815879579150331,0.966015624581193,0,0,0.716617051038342,0.145823335582957,"PFKFB3;AKR1B10;GMDS;ENOSF1;AKR1B1"
"Prion disease","49/273",0.816694597437727,0.966015624581193,0,0,0.876777100787002,0.177538651034791,"PIK3CD;LAMC1;PSMD8;TUBA1C;TUBA1B;PSMD7;TUBA1A;CREB3L1;KIF5B;CASP3;CREB3L2;RAC1;PRKACB;TUBB;CYBA;TUBA4A;PSMA5;CREB1;PIK3CA;DDIT3;UQCRC1;PPIF;VDAC2;SLC25A4;ATF4;CREB5;NOTCH1;ITPR1;PIK3R3;ITPR2;PIK3R1;CACNA1C;COX7A1;PSMA7;GRIN2A;C6;C7;NCAM2;MAPK3;HSPA8;PRNP;CAV2;CAV1;HSPA6;HSPA2;MAPK14;MAPK10;MAPK11;PSMC5"
"Cytokine-cytokine receptor interaction","53/295",0.822888097067503,0.967540406569619,0,0,0.877702752370651,0.171095036142363,"ACVRL1;CD40;EDA;MSTN;CSF1;EDA2R;CXCL16;TNFSF13B;TNFSF10;IL12A;IL6R;IFNGR1;TNFRSF19;IL16;LIFR;OSMR;NGF;TNFRSF1B;IL17RB;IL17RA;TGFBR2;CCL11;TNFRSF11B;ACVR1B;ACVR1C;CCL8;CCL7;TNFRSF14;CCR1;GDF10;IL32;GDF11;TGFB2;TSLP;TNFSF15;GDF15;IL34;IL31RA;LIF;TNFRSF10C;TNFRSF10B;INHBB;INHBA;GDF5;BMP6;GDF7;INHBE;CXCL12;LEP;ACKR4;TNFSF9;LTBR;BMPR1B"
"Oocyte meiosis","22/129",0.824088043450465,0.967540406569619,0,0,0.824555450299508,0.159533261849546,"MAP2K1;CAMK2D;CAMK2A;CUL1;ITPR1;ADCY4;ITPR2;ADCY3;IGF1;ADCY1;ADCY8;MAPK14;IGF1R;PPP1CA;PPP1CB;PPP2CB;MAPK11;CPEB1;RPS6KA2;CALM1;PRKACB;MAPK3"
"Morphine addiction","15/91",0.830751841913035,0.971765069691631,0,0,0.791659491038192,0.146792791841802,"PDE1A;ADCY4;ADCY3;ADCY1;ADCY8;GNG11;GNAI1;GNG2;GNG5;GRK5;GNB2;ADORA1;GNB4;GABRE;PRKACB"
"Terpenoid backbone biosynthesis","3/22",0.844049212271624,0.983689706948915,0,0,0.633678927557287,0.107436762806852,"NUS1;HMGCS1;PCYOX1"
"Linoleic acid metabolism","4/29",0.858073761401995,0.992088620373625,0,0,0.642048192771084,0.0982752441463611,"PLA2G2A;PLA2G4C;PLA2G4A;PLB1"
"Amyotrophic lateral sclerosis","65/364",0.85817287794081,0.992088620373625,0,0,0.870728923073513,0.133177736576541,"NUP188;ACTB;DNALI1;ACTG1;GLE1;PSMD8;TUBA1C;TUBA1B;PSMD7;TUBA1A;KIF5B;CASP3;NUP62;CASP1;RAC1;MAP3K5;MAP2K3;GABARAPL2;GABARAPL1;GPX1;GPX3;TUBB;GPX8;ANXA11;NRG1;WIPI1;WIPI2;TNFRSF1B;TUBA4A;NUP93;PSMA5;DDIT3;NUP50;CAT;UQCRC1;ULK2;ANG;PIK3C3;NUP98;TP53;SQSTM1;ATF4;PFN2;GRIA1;DCTN6;NUP205;SEH1L;DNAH7;DERL1;TANK;COX7A1;PSMA7;GRIN2A;ATXN2;UBQLN1;MAP2K6;MAPK14;MTOR;MAPK11;PSMC5;PINK1;VAPB;HNRNPA2B1;BCL2;TARDBP"
"Inflammatory bowel disease","10/65",0.860644702216867,0.992088620373625,0,0,0.729329494035376,0.109453042107984,"JUN;TGFB2;MAF;SMAD3;IFNGR1;STAT1;STAT3;RORA;IL12A;RELA"
"Intestinal immune network for IgA production","7/48",0.869236946147064,0.993786558705529,0,0,0.684942501271283,0.0959875171788341,"CD40;CXCL12;ITGA4;LTBR;MAP3K14;ICOSLG;TNFSF13B"
"Fanconi anemia pathway","8/54",0.869887604552428,0.993786558705529,0,0,0.6976622241643,0.0972480205612206,"MUS81;SLX4;RAD51;REV3L;BRCA1;MLH1;POLH;FANCG"
"Starch and sucrose metabolism","5/36",0.871522597224408,0.993786558705529,0,0,0.647145529791938,0.0889912372607477,"PYGB;UGP2;GBE1;AGL;ENPP1"
"Ascorbate and aldarate metabolism","4/30",0.87587499027138,0.995169791813718,0,0,0.617315415508187,0.0818139870146931,"ALDH3A2;UGDH;ALDH1B1;ALDH2"
"Fat digestion and absorption","6/43",0.883875140578181,0.999995392442758,0,0,0.650562667137253,0.0803051108398209,"SCARB1;NPC1L1;PLA2G2A;APOB;AGPAT2;SLC27A4"
"Allograft rejection","5/38",0.900110221437894,0.999995392442758,0,0,0.607848507672761,0.0639687946165625,"CD40;HLA-B;IL12A;HLA-A;HLA-E"
"Glycosylphosphatidylinositol (GPI)-anchor biosynthesis","3/26",0.914967683150253,0.999995392442758,0,0,0.523342970923572,0.046507675548618,"PGAP1;PIGA;PIGZ"
"Viral protein interaction with cytokine and cytokine receptor","15/100",0.917895721107155,0.999995392442758,0,0,0.707436964214329,0.0606071776586161,"CCR1;CCL11;CSF1;IL34;TNFRSF10C;TNFRSF10B;TNFRSF1B;CXCL12;CCL8;CCL7;TNFSF10;ACKR4;TNFRSF14;LTBR;IL6R"
"Homologous recombination","5/41",0.932593783605311,0.999995392442758,0,0,0.557089854102156,0.0388768276005703,"MUS81;POLD4;RAD51;BRCA1;NBN"
"Neutrophil extracellular trap formation","30/189",0.936148544519709,0.999995392442758,0,0,0.755718058481985,0.0498631191315171,"HDAC5;HDAC2;PIK3R3;PIK3CD;PIK3R1;CLCN3;HDAC9;ACTB;RELA;ACTG1;HDAC7;AKT3;PLCG2;CASP1;RAC1;MAPK3;MAP2K1;CYBA;MAPK14;MTOR;MAPK11;PLCB4;CLCN4;FCGR2A;PIK3CA;PPIF;VDAC2;RAF1;PLCB1;SLC25A4"
"RNA degradation","11/79",0.936251388858142,0.999995392442758,0,0,0.64852312561937,0.0427190358940092,"ZCCHC7;BTG2;BTG1;EXOSC10;DIS3;EXOSC9;LSM1;NUDT16;TOB2;CNOT8;DCP1B"
"Huntington disease","51/306",0.937802745721463,0.999995392442758,0,0,0.800457200914402,0.0514018750500103,"HIP1;CLTB;AP2A1;DNALI1;BBC3;PSMD8;TUBA1C;TUBA1B;PSMD7;TUBA1A;CREB3L1;KIF5B;CASP3;CREB3L2;MAP3K5;TGM2;GPX1;GPX3;TUBB;GPX8;WIPI1;WIPI2;TUBA4A;PSMA5;PLCB4;CREB1;UQCRC1;PPIF;ULK2;VDAC2;PPARG;PIK3C3;PLCB1;TP53;SLC25A4;CREB5;GRIA1;DCTN6;HDAC2;DNAH7;ITPR1;COX7A1;PSMA7;CLTCL1;GRIA3;SOD2;MTOR;MAPK10;PSMC5;DLG4;GNAQ"
"Type I diabetes mellitus","5/43",0.948635895624749,0.999995392442758,0,0,0.527703265192859,0.0278259122347127,"HLA-B;CPE;IL12A;HLA-A;HLA-E"
"Parkinson disease","40/249",0.950409251633534,0.999995392442758,0,0,0.766083487248101,0.0389649948821821,"CAMK2D;MAOB;UBA7;MAOA;LRRK2;CAMK2A;ITPR1;ITPR2;COX7A1;GNAI1;PSMA7;UBE2J1;PSMD8;TUBA1C;TUBA1B;PSMD7;TUBA1A;UBB;KIF5B;CASP3;PRKACB;MAP3K5;GPR37;DUSP1;TUBB;SNCAIP;TUBA4A;PSMA5;MAPK10;PSMC5;PINK1;DDIT3;UQCRC1;PPIF;VDAC2;MAPT;CALM1;TP53;SLC25A4;ATF4"
"Citrate cycle (TCA cycle)","3/30",0.955219944421739,0.999995392442758,0,0,0.445699149588736,0.0204191078411147,"FH;IDH2;DLAT"
"Primary immunodeficiency","4/38",0.960723569791513,0.999995392442758,0,0,0.471828490432318,0.0189054881269768,"CD40;RFX5;BLNK;ADA"
"Basal transcription factors","5/45",0.961132608197245,0.999995392442758,0,0,0.501255335174492,0.0198712099799688,"CDK7;TAF9;GTF2H1;GTF2F2;TAF5L"
"Coronavirus disease","36/232",0.965524139517263,0.999995392442758,0,0,0.735065686193506,0.0257891734184561,"C1R;PIK3R3;PIK3CD;PIK3R1;EGFR;RELA;C2;C4B;IFIH1;IKBKB;C4A;C6;C7;PLCG2;CASP1;IL12A;IL6R;MAPK3;JUN;CHUK;STAT1;STAT3;MX1;MAPK14;NFKBIA;MAPK10;MAPK11;ADAM17;MAVS;FCGR2A;PIK3CA;TRAF3;OAS3;MASP1;TLR3;NFKBIB"
"mRNA surveillance pathway","13/98",0.968084094345625,0.999995392442758,0,0,0.612803551609323,0.019877092804877,"UPF1;PPP2R3A;GSPT1;SMG5;SMG6;PPP1CA;GLE1;PPP1CB;PPP2CB;ACIN1;RNPS1;ETF1;TARDBP"
"Nicotine addiction","4/40",0.971076087808438,0.999995392442758,0,0,0.445560017849174,0.013077388587551,"GRIA1;GRIN2A;GABRE;GRIA3"
"Cytosolic DNA-sensing pathway","7/63",0.978761572271451,0.999995392442758,0,0,0.501004772670183,0.0107551737770022,"IKBKB;NFKBIA;MAVS;CHUK;CASP1;RELA;NFKBIB"
"Porphyrin and chlorophyll metabolism","4/43",0.981925666435353,0.999995392442758,0,0,0.411208938317372,0.00750031516617531,"ALAS1;HEPH;MMAB;HMOX1"
"Phototransduction","2/28",0.984297888678971,0.999995392442758,0,0,0.308502836852059,0.00488258041246919,"GUCY2D;CALM1"
"Glycosaminoglycan degradation","1/19",0.985410922148209,0.999995392442758,0,0,0.222863194270267,0.00327531895440365,"HPSE"
"Steroid hormone biosynthesis","6/61",0.989311210135861,0.999995392442758,0,0,0.437158120633761,0.00469784338739299,"HSD11B1;HSD11B2;AKR1C3;HSD17B6;CYP19A1;CYP3A7"
"Asthma","2/31",0.991194146737836,0.999995392442758,0,0,0.276536844472897,0.00244592799087296,"CD40;CCL11"
"Taste transduction","9/86",0.993852434825289,0.999995392442758,0,0,0.468090592493709,0.00288649901416629,"PLCB4;PDE1A;ADCY4;CACNA1C;PLCB1;ADCY8;ASIC2;SCN2A;PRKACB"
"Graft-versus-host disease","3/42",0.994338189250295,0.999995392442758,0,0,0.308329311842486,0.00175066286305308,"HLA-B;HLA-A;HLA-E"
"RNA transport","24/186",0.995647784676384,0.999995392442758,0,0,0.592368352206899,0.00258374120602158,"CYFIP2;UPF1;NUP205;SEH1L;NUP188;EIF1AX;THOC2;RANGAP1;GLE1;NUP93;FXR2;XPOT;CLNS1A;NUP50;NUP62;EIF4EBP2;STRAP;ACIN1;RNPS1;NUP98;EIF4E2;TARDBP;KPNB1;EIF3A"
"Autoimmune thyroid disease","4/53",0.996518508976618,0.999995392442758,0,0,0.327083845586427,0.00114072634077798,"CD40;HLA-B;HLA-A;HLA-E"
"Maturity onset diabetes of the young","1/26",0.996928335139262,0.999995392442758,0,0,0.160391271632807,0.000493426441933832,"NKX6-1"
"Hematopoietic cell lineage","10/99",0.997262079515291,0.999995392442758,0,0,0.449748899848041,0.00123306551486798,"CSF1;ITGA4;ITGA3;ANPEP;ITGA2;ITGA1;CD9;CD37;ITGA6;IL6R"
"Systemic lupus erythematosus","13/135",0.999626995873139,0.999995392442758,0,0,0.425961439323642,0.000158915014572511,"CD40;SSB;C1R;ACTN1;ACTN4;C2;C4B;C4A;GRIN2A;C6;FCGR2A;C7;SNRPB"
"Spliceosome","15/150",0.999670705927316,0.999995392442758,0,0,0.444024946164387,0.000146238862012857,"HSPA8;HSPA6;THOC2;HSPA2;USP39;HNRNPM;RBMXL1;SNRNP70;TRA2A;DHX16;ACIN1;SMNDC1;RBMX;SNRPA;SNRPB"
"Oxidative phosphorylation","12/133",0.999815593384936,0.999995392442758,0,0,0.396369955268803,7.30999820315821e-05,"ATP6V1A;ATP6V0B;ATP6V0E1;PPA1;UQCRC1;ATP6V0A2;COX11;TCIRG1;ATP6V1E1;ATP6V0D1;COX7A1;ATP6V0A1"
"Staphylococcus aureus infection","7/95",0.99981559851422,0.999995392442758,0,0,0.318181818181818,5.86786103986084e-05,"C4B;C4A;FCGR2A;CFH;C1R;MASP1;C2"
"Herpes simplex virus 1 infection","67/498",0.999944049236041,0.999995392442758,0,0,0.617726194428122,3.45632194239058e-05,"ZNF250;ZNF43;PIK3CD;ZNF45;IFIH1;IKBKB;PPP1CB;ZNF528;ZNF84;CASP3;AKT3;ZNF85;ZNF766;IL12A;ZNF248;JAK2;ZNF841;ZNF561;CHUK;ZFP1;IFNGR1;HLA-B;ZNF10;HLA-A;TICAM1;ZFP90;HLA-E;PIK3CA;TRAF3;OAS3;ZNF436;ZNF510;TP53;ZNF630;TLR3;ZNF233;ZNF596;ZNF793;ZNF154;ZNF275;PIK3R3;PIK3R1;ZNF3;RELA;ZFP14;TNFRSF14;ZNF667;ZNF226;ZNF589;ZNF286A;ZNF540;ZNF184;STAT1;PTPN11;ZNF79;POU2F2;MTOR;PPP1CA;NFKBIA;MAVS;RHEB;ZNF30;ZNF74;BCL2;ZNF658;ZNF135;ZNF211"
"Ribosome biogenesis in eukaryotes","7/108",0.999974958164977,0.999995392442758,0,0,0.27700140021538,6.93671021959523e-06,"RBM28;WDR36;REXO1;NVL;SBDS;GNL2;GTPBP4"
"Aminoacyl-tRNA biosynthesis","2/66",0.99998937044258,0.999995392442758,0,0,0.125031359759157,1.32903508134983e-06,"AARS2;CARS2"
"Neuroactive ligand-receptor interaction","36/341",0.999993303677532,0.999995392442758,0,0,0.469114621357935,3.14135329671703e-06,"CHRM2;GRIA1;PTGFR;OXTR;THRB;GRIK5;LPAR1;GRIK4;ADM;GRIK1;HTR2A;NR3C1;ADRA1B;RXFP1;MCHR1;EDNRA;GRIN2A;HRH1;EDNRB;CCKAR;TBXA2R;ADORA1;BDKRB2;S1PR1;BDKRB1;GABRE;GRIA3;P2RY14;CCK;AGT;ADRA2A;P2RX7;P2RX6;LEP;GNRH1;F2RL2"
"Olfactory transduction","10/440",0.999993808790451,0.999995392442758,0,0,0.0910940404784454,5.6398403916391e-07,"CAMK2D;GUCY2D;PDE1A;CAMK2A;ADCY3;PRKG2;CALM1;PRKACB;SLC8A1;PRKG1"
"Ribosome","2/158",0.999995392442758,0.999995392442758,0,0,0.0509990093532492,2.34981396224116e-07,"MRPL14;MRPL15"
